严选车, 12.70
严选车, 15.20
严选车, 10.80
超值严选车, 15.60
严选车, 9.60
超值严选车, 13.90
严选车, 21.70
严选车, 9.10
超值严选车, 21.40
严选车, 20.60
超值严选车, 10.90
超值严选车, 11.30
超值严选车, 13.00
超值严选车, 16.20
严选车, 12.40
严选车, 20.90
超值严选车, 18.40
严选车, 13.50
超值严选车, 16.90
严选车, 10.80
严选车, 14.10
超值严选车, 14.40
严选车, 13.00
严选车, 15.20
严选车, 12.50
严选车, 19.50
超值严选车, 14.30
严选车, 12.90
严选车, 11.70
超值严选车, 17.20
严选车, 11.20
严选车, 21.20
严选车, 15.90
严选车, 16.00
超值严选车, 14.00
严选车, 10.10
严选车, 13.90
严选车, 13.00
超值严选车, 21.00
严选车, 68.20
超值严选车, 7.40
严选车, 10.10
超值严选车, 13.50
严选车, 19.70
严选车, 16.20
准新车严选车, 24.90
严选车, 13.70
超值严选车, 8.70
超值严选车, 12.40
严选车, 23.30
严选车, 16.50
严选车, 16.00
严选车, 89.60
超值严选车, 23.80
严选车, 28.20
严选车, 12.50
严选车, 15.20
超值严选车, 11.80
严选车, 9.00
严选车, 24.90
严选车, 25.80
超值严选车, 12.40
超值严选车, 9.30
严选车, 13.00
严选车, 18.00
严选车, 20.60
严选车, 16.30
严选车, 35.40
严选车, 17.70
严选车, 26.00
准新车严选车, 24.90
严选车, 12.60
严选车, 16.40
严选车, 29.00
超值严选车, 13.40
严选车, 12.20
超值严选车, 20.20
准新车严选车, 24.90
严选车, 10.00
严选车, 18.70
严选车, 14.90
超值严选车, 15.60
严选车, 22.80
超值严选车, 10.80
严选车, 11.90
严选车, 38.00
严选车, 6.90
准新车严选车, 17.40
严选车, 15.20
超值严选车, 16.60
严选车, 26.70
严选车, 14.70
严选车, 8.70
严选车, 19.50
严选车, 19.50
严选车, 32.50
严选车, 16.30
严选车, 13.70
严选车, 9.10
严选车, 17.90
严选车, 29.20
严选车, 19.80
严选车, 10.80
严选车, 11.50
严选车, 13.90
严选车, 5.60
严选车, 68.20
严选车, 12.40
严选车, 9.40
准新车严选车, 22.80
严选车, 17.90
准新车严选车, 13.00
严选车, 17.30
严选车, 11.50
准新车严选车, 16.50
严选车, 5.70
严选车, 15.90
严选车, 7.00
严选车, 12.30
严选车, 10.40
严选车, 16.50
严选车, 19.50
严选车, 9.80
超值严选车, 13.90
严选车, 51.00
严选车, 8.60
严选车, 13.00
严选车, 31.30
严选车, 16.30
严选车, 18.40
严选车, 6.00
严选车, 9.20
严选车, 22.70
严选车, 34.50
严选车, 26.00
严选车, 24.80
严选车, 35.80
严选车, 50.60
严选车, 8.70
严选车, 12.60
严选车, 33.60
严选车, 8.70
严选车, 50.80
严选车, 10.70
超值严选车, 52.60
严选车, 12.40
严选车, 14.00
严选车, 15.10
严选车, 15.80
超值严选车, 10.80
严选车, 8.50
严选车, 19.50
严选车, 9.30
严选车, 16.40
严选车, 27.10
超值严选车, 10.80
严选车, 10.70
严选车, 14.40
严选车, 29.30
严选车, 17.40
准新车严选车, 31.80
严选车, 15.60
超值严选车, 19.50
严选车, 20.60
严选车, 28.10
严选车, 8.30
严选车, 14.20
严选车, 11.80
严选车, 38.40
严选车, 20.30
严选车, 22.70
严选车, 46.70
严选车, 6.90
严选车, 16.80
严选车, 48.30
严选车, 45.60
严选车, 6.80
严选车, 18.60
严选车, 10.80
严选车, 8.30
严选车, 16.30
超值严选车, 27.40
严选车, 14.60
严选车, 16.40
严选车, 8.60
严选车, 32.40
严选车, 16.90
严选车, 12.50
严选车, 8.90
严选车, 10.50
严选车, 26.00
严选车, 10.50
严选车, 9.20
严选车, 27.10
严选车, 25.60
严选车, 11.80
严选车, 12.20
准新车严选车, 30.00
严选车, 14.00
严选车, 22.00
严选车, 8.70
严选车, 25.40
严选车, 19.20
严选车, 20.90
严选车, 8.50
严选车, 6.20
严选车, 22.00
严选车, 5.40
严选车, 10.80
, 12.10
超值严选车, 34.70
严选车, 51.60
严选车, 6.20
严选车, 31.70
急售, 12.60
严选车, 21.50
急售, 15.60
严选车, 19.60
超值, 22.80
超值急售, 15.10
, 15.20
超值急售, 46.80
急售, 10.50
, 29.70
, 25.90
, 14.50
, 15.60
超值, 12.50
, 11.90
, 16.00
, 9.10
急售, 8.50
超值急售, 15.60
超值急售, 41.60
急售, 9.20
急售, 12.40
超值, 7.90
超值, 11.90
急售, 8.50
急售, 11.90
, 12.60
超值急售, 11.90
, 21.00
, 14.60
急售, 24.40
, 13.40
, 11.80
急售, 11.50
急售, 23.30
急售, 30.00
急售, 17.20
急售, 11.90
超值, 43.20
, 22.70
严选车, 31.80
严选车, 18.60
严选车, 16.30
严选车, 25.30
严选车, 44.50
严选车, 11.60
严选车, 7.50
严选车, 13.90
严选车, 21.00
严选车, 38.40
严选车, 12.90
严选车, 9.30
严选车, 13.90
严选车, 18.40
严选车, 26.00
严选车, 20.20
严选车, 46.40
严选车, 23.60
严选车, 19.50
严选车, 44.30
严选车, 21.70
严选车, 21.00
急售, 17.40
, 31.70
超值急售, 42.10
, 13.50
急售, 12.40
急售, 34.60
严选车, 13.90
急售, 15.50
, 13.20
, 30.90
严选车, 31.70
急售, 11.90
, 37.80
, 46.50
急售, 28.50
急售, 8.70
急售, 15.90
急售, 20.60
急售, 53.00
, 95.00
, 14.00
, 43.00
, 14.90
急售, 14.60
, 21.30
急售, 21.00
急售, 18.00
, 29.00
, 10.80
, 59.20
急售, 20.20
, 22.70
, 30.80
, 8.90
急售, 49.90
急售, 19.60
, 44.50
, 27.10
, 13.00
, 29.20
, 41.60
急售, 22.70
, 16.80
急售, 30.20
, 35.40
急售准新车, 14.50
急售, 20.00
急售, 33.60
急售, 56.30
急售, 56.40
急售, 37.80
急售, 31.50
, 22.40
急售, 27.00
严选车, 19.50
严选车, 13.50
准新车严选车, 5.30
超值严选车, 13.40
准新车严选车, 8.70
超值严选车, 15.60
严选车, 20.60
准新车严选车, 14.30
严选车, 11.70
准新车严选车, 12.80
严选车, 10.80
严选车, 11.90
超值严选车, 57.50
准新车严选车, 45.80
严选车, 16.50
严选车, 12.50
严选车, 9.30
严选车, 68.20
准新车严选车, 46.40
严选车, 11.70
严选车, 38.40
严选车, 13.00
严选车, 56.80
准新车严选车, 15.20
严选车, 27.80
严选车, 25.50
严选车, 17.60
严选车, 18.00
严选车, 17.90
严选车, 16.30
严选车, 14.50
严选车, 9.60
超值严选车, 15.90
严选车, 22.30
严选车, 19.50
超值严选车, 8.20
超值严选车, 11.30
严选车, 13.10
严选车, 11.20
超值严选车, 15.40
严选车, 16.60
严选车, 21.00
超值严选车, 10.80
严选车, 20.30
严选车, 11.30
严选车, 26.40
严选车, 17.20
严选车, 9.30
严选车, 20.60
超值严选车, 18.80
严选车, 14.10
严选车, 9.10
超值严选车, 15.20
严选车, 16.80
超值严选车, 14.00
严选车, 11.90
严选车, 11.30
严选车, 28.20
准新车严选车, 25.00
超值严选车, 11.10
严选车, 10.30
严选车, 8.50
严选车, 16.30
严选车, 11.80
超值严选车, 10.30
严选车, 20.60
严选车, 10.60
严选车, 17.30
严选车, 54.20
严选车, 10.50
严选车, 14.20
严选车, 9.40
严选车, 13.80
严选车, 19.50
严选车, 12.20
严选车, 8.60
严选车, 13.90
严选车, 12.30
严选车, 9.80
严选车, 14.60
超值准新车严选车, 17.80
严选车, 10.10
严选车, 13.00
严选车, 10.60
严选车, 10.80
严选车, 13.00
严选车, 30.00
超值严选车, 11.20
严选车, 9.70
严选车, 20.00
严选车, 6.90
严选车, 9.30
严选车, 6.90
严选车, 12.20
严选车, 26.00
严选车, 10.40
严选车, 13.00
严选车, 8.80
严选车, 9.80
严选车, 9.30
超值严选车, 8.20
严选车, 11.70
严选车, 14.90
严选车, 9.40
严选车, 9.00
严选车, 14.40
严选车, 13.90
严选车, 25.30
严选车, 8.40
严选车, 6.90
严选车, 12.20
严选车, 17.40
严选车, 9.40
严选车, 21.30
严选车, 7.80
严选车, 8.60
严选车, 7.80
严选车, 8.60
严选车, 17.80
严选车, 11.50
严选车, 21.00
严选车, 7.00
急售, 17.00
超值严选车, 8.50
急售, 13.40
, 8.00
, 15.90
急售准新车, 9.80
急售, 11.30
急售, 15.00
急售, 19.20
, 10.70
, 11.30
急售, 13.40
急售, 10.00
, 9.10
, 9.70
急售, 11.60
超值, 21.70
急售, 8.10
急售, 10.00
超值急售, 8.50
, 22.80
超值, 15.80
超值急售, 13.00
, 14.80
急售, 43.20
超值, 9.50
超值急售, 13.00
急售, 13.30
超值急售, 16.00
超值, 11.10
, 10.80
, 16.30
超值急售, 22.70
急售, 97.50
, 13.00
急售, 9.50
, 16.00
急售, 11.10
急售, 46.60
, 13.00
, 11.30
, 13.70
急售, 8.00
, 9.30
急售, 20.50
准新车, 6.30
急售, 12.60
急售, 14.20
, 11.90
急售, 30.00
, 46.40
急售, 13.00
, 17.10
, 34.60
超值, 13.90
急售, 11.50
超值急售, 32.50
急售, 11.90
, 13.00
, 22.70
急售, 23.30
, 9.00
, 17.30
, 8.90
准新车, 13.40
准新车, 6.80
急售, 14.60
急售, 11.50
超值, 15.00
, 15.60
, 22.70
急售, 14.60
, 21.00
急售, 13.60
, 14.60
超值急售, 34.00
, 27.80
超值准新车, 15.20
急售, 13.20
急售, 16.80
准新车, 10.50
, 32.80
急售, 108.30
急售, 24.60
, 10.70
急售, 12.60
, 22.40
, 26.50
, 18.20
严选车, 30.80
准新车严选车, 15.20
严选车, 16.20
严选车, 17.10
严选车, 17.30
严选车, 22.60
严选车, 13.90
, 11.70
急售准新车, 13.40
急售, 10.80
急售, 14.90
, 28.20
急售, 13.00
, 40.10
严选车, 16.60
, 22.60
超值急售, 46.40
超值急售, 11.90
急售, 14.00
急售, 13.70
, 24.30
急售, 9.40
严选车, 25.60
急售, 13.90
, 20.50
急售, 27.40
急售, 17.40
, 29.30
急售, 34.00
准新车, 16.30
严选车, 7.90
, 19.50
急售, 21.40
, 12.30
急售, 4.80
准新车严选车, 15.50
, 20.90
, 9.70
急售, 14.00
, 25.40
, 25.60
, 31.50
, 28.20
, 14.90
, 49.80
, 53.70
, 38.00
急售, 21.70
, 34.60
, 14.30
, 31.50
, 31.70
急售, 11.90
, 34.50
, 38.40
急售, 27.80
, 15.10
, 54.50
, 15.80
, 35.40
急售, 35.00
, 10.80
, 46.40
严选车, 25.80
, 25.80
, 15.70
急售, 13.90
, 14.80
急售, 19.50
, 10.50
急售, 31.40
, 11.60
, 54.10
超值严选车, 9.60
急售准新车严选车, 16.80
超值准新车严选车, 15.80
超值严选车, 13.30
超值严选车, 9.30
急售严选车, 21.00
严选车, 17.50
严选车, 34.60
严选车, 8.90
严选车, 13.80
严选车, 11.30
严选车, 14.10
超值急售严选车, 10.30
准新车严选车, 11.20
超值严选车, 16.60
严选车, 8.50
严选车, 16.40
严选车, 16.30
超值严选车, 12.60
严选车, 10.40
严选车, 13.40
严选车, 12.20
严选车, 13.00
严选车, 35.80
严选车, 13.40
超值严选车, 12.80
严选车, 17.00
超值严选车, 20.60
超值严选车, 13.20
超值严选车, 28.90
严选车, 16.30
严选车, 12.60
严选车, 12.50
严选车, 20.60
超值严选车, 21.70
严选车, 12.90
超值严选车, 19.40
超值严选车, 28.60
严选车, 16.30
超值严选车, 12.10
准新车严选车, 15.20
严选车, 9.30
超值严选车, 11.10
严选车, 28.10
严选车, 16.10
超值严选车, 14.20
严选车, 11.20
严选车, 53.20
严选车, 22.00
严选车, 13.80
严选车, 54.20
严选车, 13.90
严选车, 14.90
超值严选车, 42.90
严选车, 21.00
严选车, 8.30
超值严选车, 17.20
严选车, 11.10
超值严选车, 50.80
严选车, 32.60
严选车, 28.10
严选车, 14.20
严选车, 9.10
严选车, 49.20
超值严选车, 50.80
严选车, 15.40
严选车, 13.70
超值严选车, 12.50
严选车, 10.80
严选车, 19.70
严选车, 43.20
严选车, 13.70
严选车, 10.00
严选车, 11.40
严选车, 24.90
严选车, 12.50
严选车, 12.40
严选车, 11.70
严选车, 11.90
超值严选车, 14.20
超值严选车, 13.60
严选车, 29.30
严选车, 38.00
严选车, 15.50
严选车, 14.00
严选车, 13.50
严选车, 14.90
超值严选车, 60.60
严选车, 8.70
严选车, 14.80
严选车, 11.50
严选车, 40.00
严选车, 41.60
严选车, 11.20
严选车, 21.70
严选车, 9.70
严选车, 7.80
严选车, 52.60
严选车, 13.00
严选车, 10.80
严选车, 21.60
严选车, 14.00
严选车, 14.80
超值急售, 27.40
严选车, 9.30
, 9.70
, 15.10
准新车, 13.10
超值, 12.50
严选车, 14.00
严选车, 34.00
严选车, 18.50
急售, 18.00
严选车, 20.30
, 11.30
, 18.20
, 11.30
超值急售, 15.10
, 29.90
, 39.20
急售, 43.20
急售, 11.30
, 8.20
急售, 16.50
, 22.00
急售, 9.00
, 9.30
急售, 4.50
超值急售, 14.10
, 13.90
准新车, 11.60
急售, 9.50
, 14.10
超值急售, 20.60
超值急售准新车, 12.90
, 30.80
急售, 10.80
急售, 48.80
急售, 14.80
超值准新车, 6.30
准新车, 11.90
超值急售, 11.30
急售, 10.70
急售, 19.50
, 115.40
, 7.50
急售, 10.70
急售, 16.30
, 24.20
, 12.50
超值急售, 9.30
, 47.30
准新车, 12.90
超值, 8.70
急售, 10.90
, 9.30
急售, 13.50
, 14.90
, 10.00
急售, 14.90
, 11.90
急售, 22.00
, 10.00
, 23.80
急售, 9.80
急售, 32.50
超值, 62.70
, 15.00
准新车, 11.50
急售, 13.70
, 48.10
, 12.20
急售, 10.80
急售, 14.80
急售, 9.30
, 13.60
, 13.50
急售, 9.60
, 8.60
急售, 15.70
, 9.40
, 18.40
急售, 24.10
急售, 10.50
急售准新车, 13.00
, 12.70
, 32.30
急售, 11.70
, 13.30
急售, 15.60
, 69.40
急售, 19.70
超值急售, 15.00
, 14.30
, 30.40
急售, 15.20
, 11.10
急售, 30.20
急售, 13.00
超值, 21.00
急售, 22.80
急售, 13.20
急售, 12.30
, 14.60
, 16.80
超值急售, 24.90
急售, 13.70
急售, 11.30
严选车, 16.20
严选车, 15.70
急售, 35.80
急售, 16.40
超值严选车, 13.90
, 43.20
严选车, 25.60
, 8.20
超值急售, 11.50
, 11.90
, 16.30
急售, 15.10
, 44.50
严选车, 9.70
急售准新车, 31.50
急售, 23.40
, 22.60
, 16.80
超值急售, 24.60
, 10.80
, 23.80
急售, 12.50
严选车, 22.80
, 52.70
, 12.10
, 17.40
, 42.10
准新车, 19.50
, 16.60
, 28.20
, 22.00
急售, 41.00
急售, 3.60
急售准新车, 22.50
, 16.90
, 28.90
, 34.00
急售, 12.70
急售, 14.90
准新车, 38.90
严选车, 16.80
, 31.60
急售, 11.40
严选车, 13.20
超值, 18.40
, 29.30
, 26.00
准新车, 40.10
, 51.60
, 8.80
, 19.70
急售, 19.50
急售, 13.00
急售, 20.20
, 30.00
急售, 21.30
, 42.70
严选车, 25.30
超值, 85.50
, 9.30
急售, 8.70
超值, 52.70
急售, 13.00
严选车, 23.60
, 26.00
, 24.90
, 39.90
急售, 52.30
急售准新车, 26.70
急售, 15.20
急售, 9.20
, 78.20
准新车, 9.30
, 16.30
, 22.30
急售, 21.00
, 36.10
超值严选车, 28.50
, 13.00
急售, 8.00
急售, 13.60
急售, 26.00
, 13.00
, 13.60
, 11.70
急售, 29.30
, 38.30
, 16.80
急售, 53.40
, 50.80
, 22.00
急售, 9.10
, 17.40
急售, 31.70
, 20.00
急售, 27.80
, 20.60
超值严选车, 9.60
急售准新车严选车, 16.80
超值准新车严选车, 15.80
超值严选车, 13.30
超值严选车, 9.30
急售严选车, 21.00
严选车, 17.50
严选车, 34.60
严选车, 8.90
严选车, 13.80
严选车, 11.30
严选车, 14.10
超值急售严选车, 10.30
准新车严选车, 11.20
超值严选车, 16.60
严选车, 8.50
严选车, 16.40
严选车, 16.30
超值严选车, 12.60
严选车, 10.40
严选车, 14.80
严选车, 14.90
严选车, 15.70
超值严选车, 9.20
超值严选车, 14.30
超值严选车, 5.60
严选车, 17.40
严选车, 20.20
严选车, 5.10
严选车, 10.40
严选车, 11.70
严选车, 23.90
严选车, 20.00
准新车严选车, 12.00
严选车, 5.30
超值严选车, 18.40
超值严选车, 9.20
严选车, 13.80
严选车, 10.80
严选车, 14.10
超值严选车, 33.70
严选车, 6.20
严选车, 11.30
严选车, 20.30
严选车, 6.90
严选车, 35.80
准新车严选车, 11.90
准新车严选车, 11.70
严选车, 9.80
严选车, 22.00
严选车, 7.90
严选车, 66.20
超值严选车, 19.50
超值严选车, 12.50
严选车, 18.00
严选车, 16.50
准新车严选车, 11.30
超值严选车, 29.10
超值严选车, 20.40
准新车严选车, 9.50
严选车, 18.40
严选车, 21.70
严选车, 9.00
准新车严选车, 11.70
严选车, 15.40
严选车, 10.80
严选车, 16.30
严选车, 45.40
严选车, 50.80
超值严选车, 50.90
严选车, 23.30
严选车, 22.00
严选车, 8.00
严选车, 13.40
严选车, 41.00
严选车, 9.60
严选车, 30.70
准新车严选车, 21.40
超值严选车, 8.30
严选车, 17.30
准新车严选车, 13.30
严选车, 5.80
严选车, 33.60
严选车, 27.00
严选车, 24.90
准新车严选车, 19.50
严选车, 8.30
准新车严选车, 15.10
严选车, 22.00
严选车, 8.70
严选车, 26.50
严选车, 20.30
超值准新车严选车, 11.50
严选车, 10.70
严选车, 8.90
严选车, 27.50
准新车严选车, 43.90
严选车, 10.10
严选车, 51.00
急售, 12.40
准新车严选车, 6.40
, 15.10
急售, 12.40
超值, 13.90
, 21.00
, 11.80
, 75.80
急售, 24.00
, 12.10
, 22.80
超值急售, 16.60
准新车, 11.70
急售准新车, 25.30
超值, 14.10
超值急售, 6.50
, 15.00
超值, 15.60
, 11.40
准新车, 14.50
, 10.00
急售, 8.70
超值急售, 30.40
急售, 11.60
急售, 13.50
急售, 9.30
, 14.60
急售, 6.20
超值急售, 34.30
, 20.60
急售, 16.20
, 52.00
准新车, 11.70
, 16.00
, 20.00
急售, 13.80
, 18.20
超值急售, 46.50
, 19.20
, 16.90
, 12.90
急售, 11.90
急售, 11.50
, 28.90
, 13.90
超值急售, 97.50
准新车, 21.70
, 8.50
, 28.40
, 44.30
, 20.50
急售, 47.30
, 10.20
, 11.90
, 30.80
, 15.30
, 12.40
准新车, 8.90
急售, 17.60
, 12.90
超值急售, 10.70
, 33.10
, 11.10
急售, 12.70
, 17.10
急售, 28.60
, 15.90
急售, 8.10
, 12.90
, 5.00
, 9.00
, 64.90
准新车, 15.20
急售, 13.40
, 44.50
急售, 31.80
急售, 8.70
急售, 16.30
急售, 21.40
, 47.50
, 19.70
急售, 72.00
, 28.20
, 11.80
, 50.80
准新车, 37.20
, 8.00
, 9.50
急售, 9.70
急售, 28.20
急售, 34.60
急售, 11.90
急售, 14.00
急售, 12.60
急售, 30.40
急售, 14.40
急售, 13.80
急售, 33.20
, 34.00
, 9.00
准新车, 20.10
急售, 18.40
, 50.80
急售, 15.90
严选车, 8.70
严选车, 8.70
急售, 10.00
急售, 11.70
严选车, 20.00
, 13.90
, 35.60
准新车, 19.00
严选车, 21.00
急售, 21.60
急售准新车, 14.50
, 25.30
严选车, 23.90
, 16.80
急售, 41.00
, 16.30
严选车, 18.00
急售, 11.10
急售, 14.00
, 14.70
准新车, 14.80
准新车严选车, 14.50
急售, 19.50
, 19.40
急售, 16.00
, 14.60
急售, 16.30
, 25.60
严选车, 12.70
急售, 9.30
, 14.00
准新车, 18.40
急售, 13.00
急售, 22.80
, 12.80
, 9.20
急售准新车, 20.60
, 16.30
急售, 14.80
, 17.40
, 15.20
严选车, 33.60
, 20.90
急售, 14.60
, 39.80
急售, 14.70
, 37.00
, 43.20
急售, 42.10
, 13.80
急售, 15.10
急售, 14.80
, 40.20
, 57.00
, 24.20
准新车, 16.00
, 21.10
急售, 11.20
急售, 27.60
, 15.10
, 13.20
急售, 11.50
, 29.20
急售, 24.90
急售, 12.80
, 21.30
急售, 19.40
, 13.90
急售, 45.70
, 13.50
, 12.50
, 10.20
, 9.30
, 26.90
, 13.00
, 17.40
超值急售, 18.40
超值, 41.00
, 56.20
严选车, 21.00
, 31.30
急售, 36.80
准新车, 5.30
超值, 62.70
, 16.40
急售, 36.10
急售准新车, 31.30
急售, 31.80
急售, 6.50
急售, 13.70
, 21.40
严选车, 14.80
, 27.80
急售, 23.90
, 32.00
, 29.30
, 38.40
急售, 23.60
, 16.30
, 35.80
, 17.70
, 62.70
急售, 16.80
急售准新车, 21.30
, 53.70
急售, 46.10
急售, 19.40
超值严选车, 9.60
急售准新车严选车, 16.80
超值准新车严选车, 15.80
超值严选车, 13.30
超值严选车, 9.30
急售严选车, 21.00
严选车, 17.50
严选车, 34.60
严选车, 8.90
严选车, 13.80
严选车, 11.30
严选车, 14.10
超值急售严选车, 10.30
准新车严选车, 11.20
超值严选车, 16.60
严选车, 8.50
严选车, 16.40
严选车, 16.30
超值严选车, 12.60
严选车, 10.40
严选车, 21.20
严选车, 12.00
严选车, 11.40
超值严选车, 29.20
准新车严选车, 18.70
准新车严选车, 10.30
严选车, 26.40
超值严选车, 36.90
超值严选车, 13.00
严选车, 13.70
严选车, 16.80
严选车, 18.00
严选车, 20.60
超值严选车, 9.40
超值严选车, 13.40
严选车, 8.90
严选车, 27.70
超值准新车严选车, 13.00
超值准新车严选车, 13.40
超值严选车, 17.80
严选车, 20.50
超值严选车, 14.50
严选车, 25.60
严选车, 15.40
严选车, 19.50
严选车, 14.30
严选车, 24.30
严选车, 13.30
严选车, 15.30
严选车, 11.40
严选车, 10.00
严选车, 11.90
超值严选车, 8.70
严选车, 13.60
严选车, 39.30
严选车, 38.90
严选车, 9.50
严选车, 17.30
严选车, 13.80
超值严选车, 20.60
严选车, 13.30
严选车, 38.00
严选车, 9.00
严选车, 27.60
严选车, 12.50
严选车, 12.90
严选车, 9.30
严选车, 27.10
严选车, 54.50
严选车, 11.20
严选车, 18.00
严选车, 7.60
超值严选车, 27.10
准新车严选车, 12.30
准新车严选车, 15.80
准新车严选车, 31.50
严选车, 36.40
严选车, 15.20
严选车, 11.70
严选车, 17.40
严选车, 29.20
严选车, 10.10
严选车, 37.40
准新车严选车, 11.10
严选车, 73.80
超值严选车, 7.00
严选车, 32.70
准新车严选车, 21.70
严选车, 16.30
严选车, 23.00
严选车, 43.20
严选车, 44.30
严选车, 27.10
, 12.80
, 38.00
超值急售准新车, 11.00
, 14.40
, 21.80
急售, 5.10
急售, 13.70
, 13.80
超值急售, 18.30
超值急售, 9.20
超值急售, 12.80
, 70.00
, 11.70
超值急售, 12.40
准新车, 16.30
急售准新车, 18.70
准新车, 9.80
急售, 14.80
超值, 14.10
, 11.60
超值急售, 17.30
准新车, 8.80
, 18.60
急售, 10.10
急售, 11.90
, 17.90
准新车, 5.10
, 63.80
急售, 18.60
, 25.50
急售, 8.20
, 16.30
, 43.20
超值急售, 13.00
, 43.40
, 21.10
, 57.50
急售, 19.20
, 26.00
准新车, 22.10
, 11.90
, 12.40
, 26.00
急售准新车, 14.80
超值, 76.30
, 13.60
超值急售, 21.70
, 4.40
急售, 13.70
急售, 21.00
超值急售, 20.20
, 15.20
急售, 14.10
急售, 12.20
, 9.00
急售准新车, 10.70
急售, 14.90
准新车, 10.80
急售, 12.50
急售, 19.70
急售, 12.60
, 11.40
准新车, 9.70
, 11.30
, 20.60
急售, 13.00
急售准新车, 21.60
急售, 8.60
, 17.40
急售准新车, 26.00
, 28.10
, 18.60
急售, 7.00
, 27.70
, 25.60
, 13.50
, 11.50
, 30.20
, 12.90
, 16.00
急售, 37.20
准新车, 32.70
, 28.10
急售, 97.50
, 39.90
超值急售, 9.20
急售, 16.30
急售, 71.40
, 62.70
, 10.10
, 13.30
准新车, 34.40
, 43.70
, 30.20
, 27.10
, 44.50
, 24.40
急售准新车, 16.80
, 16.50
, 26.00
, 11.90
急售准新车, 8.70
急售, 8.90
超值急售, 11.30
严选车, 46.40
超值, 14.20
, 20.30
, 54.20
, 15.20
严选车, 9.50
严选车, 23.90
, 11.90
, 36.40
急售, 9.80
严选车, 7.40
准新车, 23.90
急售, 19.50
, 18.20
超值, 52.80
, 12.50
急售, 15.20
准新车, 11.20
严选车, 25.30
急售, 13.70
急售准新车, 13.80
, 22.70
, 64.70
, 26.00
准新车, 34.30
, 14.40
, 7.50
准新车, 27.90
, 27.10
, 8.20
, 22.00
准新车, 43.70
, 13.00
急售, 15.60
急售, 12.30
急售, 52.30
急售, 73.30
, 7.60
, 47.00
, 26.00
, 46.60
急售, 62.70
, 15.50
, 10.10
超值急售, 12.70
急售, 47.40
严选车, 23.90
急售, 36.80
, 25.50
, 34.20
准新车, 38.10
急售, 30.60
急售, 25.20
急售, 6.80
, 49.90
, 12.30
急售, 21.70
, 39.90
急售, 13.00
急售, 7.80
急售, 36.20
急售, 39.10
, 22.30
, 30.90
准新车, 29.30
急售, 27.00
, 8.20
, 22.00
准新车, 43.70
, 13.00
急售, 15.60
急售, 12.30
急售, 52.30
急售, 73.30
, 7.60
, 47.00
, 26.00
, 46.60
急售, 62.70
, 15.50
, 10.10
超值急售, 12.70
急售, 47.40
严选车, 23.90
急售, 36.80
, 25.50
, 34.20
准新车, 38.10
急售, 30.60
急售, 25.20
急售, 6.80
, 49.90
, 12.30
急售, 21.70
, 39.90
急售, 13.00
急售, 7.80
急售, 36.20
急售, 39.10
, 22.30
, 30.90
准新车, 29.30
急售, 27.00
超值严选车, 9.60
急售准新车严选车, 16.80
超值准新车严选车, 15.80
超值严选车, 13.30
超值严选车, 9.30
急售严选车, 21.00
严选车, 17.50
严选车, 34.60
严选车, 8.90
严选车, 13.80
严选车, 11.30
严选车, 14.10
超值急售严选车, 10.30
准新车严选车, 11.20
超值严选车, 16.60
严选车, 8.50
严选车, 16.40
严选车, 16.30
超值严选车, 12.60
严选车, 10.40
严选车, 15.60
准新车严选车, 17.60
严选车, 13.30
超值严选车, 8.40
严选车, 13.40
严选车, 12.50
严选车, 8.00
严选车, 6.60
严选车, 13.30
超值严选车, 27.90
严选车, 15.30
严选车, 51.50
超值严选车, 10.50
严选车, 11.20
严选车, 12.60
严选车, 8.30
准新车严选车, 15.10
严选车, 13.00
严选车, 29.30
严选车, 12.10
严选车, 9.90
严选车, 20.00
严选车, 13.50
严选车, 10.80
严选车, 13.30
严选车, 15.60
超值严选车, 11.10
严选车, 8.20
严选车, 7.10
超值严选车, 14.20
严选车, 15.50
严选车, 13.70
严选车, 8.40
超值严选车, 10.20
超值严选车, 16.30
严选车, 14.70
严选车, 7.30
准新车严选车, 15.80
准新车严选车, 15.80
严选车, 6.20
严选车, 7.80
严选车, 15.20
严选车, 7.40
严选车, 17.30
严选车, 16.30
准新车严选车, 29.90
超值严选车, 12.40
严选车, 8.70
严选车, 13.90
严选车, 13.00
严选车, 18.30
严选车, 28.90
严选车, 16.90
严选车, 21.30
准新车严选车, 15.60
严选车, 8.60
严选车, 10.10
严选车, 22.30
严选车, 10.40
超值严选车, 4.80
严选车, 8.30
准新车严选车, 15.20
严选车, 12.40
准新车严选车, 24.00
严选车, 4.70
严选车, 22.80
严选车, 9.80
严选车, 21.70
严选车, 52.30
严选车, 28.90
严选车, 15.70
严选车, 15.50
严选车, 28.20
严选车, 15.70
严选车, 7.60
严选车, 14.50
严选车, 38.00
严选车, 6.50
严选车, 25.70
严选车, 54.10
严选车, 8.10
急售, 5.00
急售准新车, 6.90
超值急售, 18.20
, 19.90
急售, 12.60
, 15.80
, 49.40
, 13.90
, 29.10
超值急售, 63.00
急售, 16.50
急售准新车, 21.70
, 16.20
, 58.90
急售, 12.90
, 9.30
急售, 14.70
, 5.10
, 31.30
, 13.50
, 16.50
急售, 11.50
急售, 13.80
急售准新车, 18.40
, 13.60
, 11.90
超值急售准新车, 14.00
急售, 9.10
, 11.30
急售, 13.00
准新车, 29.30
急售, 43.10
, 22.00
超值, 7.00
急售, 16.80
急售, 35.30
超值, 10.60
急售, 72.50
准新车, 35.10
, 43.40
, 21.10
, 14.60
超值急售, 11.90
, 12.60
急售, 36.90
超值, 17.80
急售, 22.30
超值, 11.90
, 11.20
, 31.70
准新车, 6.10
急售, 18.40
急售, 14.90
, 25.30
, 16.40
, 42.30
, 10.00
超值急售, 3.70
, 77.00
急售, 10.80
, 25.00
, 25.80
, 16.60
急售准新车, 21.40
, 7.30
, 26.50
超值, 37.20
超值急售准新车, 28.80
, 12.80
, 15.60
准新车, 18.00
, 33.40
准新车, 22.10
超值急售, 10.80
急售, 12.20
急售准新车, 8.10
, 15.90
, 27.40
, 37.40
, 38.40
, 13.00
超值, 11.10
准新车, 34.00
, 46.60
急售, 20.90
, 22.10
超值急售, 62.00
准新车, 24.30
准新车, 14.10
准新车, 23.90
急售, 11.70
, 6.50
, 9.30
急售, 27.00
急售, 13.60
急售, 50.90
准新车, 6.40
急售, 43.40
, 10.80
, 12.60
, 8.60
, 34.50
超值严选车, 9.60
急售准新车严选车, 16.80
超值准新车严选车, 15.80
超值严选车, 13.30
超值严选车, 9.30
急售严选车, 21.00
严选车, 17.50
严选车, 34.60
严选车, 8.90
严选车, 13.80
严选车, 11.30
严选车, 14.10
超值急售严选车, 10.30
准新车严选车, 11.20
超值严选车, 16.60
严选车, 8.50
严选车, 16.40
严选车, 16.30
超值严选车, 12.60
严选车, 10.40
