2016, 0.7万公里, 到店服务
2016, 4.3万公里, 到店服务
2013, 2.6万公里, 到店服务
2010, 5.1万公里, 到店服务
2013, 5.6万公里, 到店服务
2015, 2.9万公里, 到店服务
2017, 3.9万公里, 到店服务
2010, 10.3万公里, 店内直卖
2010, 5.5万公里, 到店服务
2016, 1.6万公里, 到店服务
2015, 5.7万公里, 到店服务
2013, 8.7万公里, 到店服务
2012, 8.2万公里, 到店服务
2014, 5.7万公里, 到店服务
2017, 8.8万公里, 到店服务
2015, 7.1万公里, 到店服务
2014, 2.5万公里, 到店服务
2014, 6.4万公里, 到店服务
2014, 7.3万公里, 到店服务
2013, 3.6万公里, 到店服务
2012, 9.3万公里, 到店服务
2016, 2.3万公里, 到店服务
2016, 2.6万公里, 到店服务
2017, 2.8万公里, 到店服务
2013, 4.3万公里, 到店服务
2013, 7.4万公里, 到店服务
2013, 4.5万公里, 到店服务
2011, 7.5万公里, 到店服务
2012, 5.1万公里, 到店服务
2016, 3.9万公里, 到店服务
2012, 6.7万公里, 店内直卖
2016, 1.4万公里, 到店服务
2015, 2.3万公里, 到店服务
2016, 1.6万公里, 到店服务
2014, 5.5万公里, 到店服务
2016, 2.4万公里, 到店服务
2011, 8.2万公里, 到店服务
2014, 6.0万公里, 到店服务
2017, 4.7万公里, 到店服务
2013, 8.1万公里, 到店服务
2015, 3.1万公里, 到店服务
2016, 1.4万公里, 到店服务
2014, 9.2万公里, 到店服务
2013, 9.2万公里, 到店服务
2016, 3.0万公里, 到店服务
2016, 3.7万公里, 到店服务
2013, 5.3万公里, 到店服务
2015, 3.5万公里, 到店服务
2014, 5.1万公里, 到店服务
2016, 6.8万公里, 到店服务
2018, 2.0万公里, 到店服务
2019, 0.2万公里, 到店服务
2015, 1.9万公里, 到店服务
2017, 10.4万公里, 到店服务
2015, 5.5万公里, 到店服务
2012, 6.1万公里, 到店服务
2013, 6.0万公里, 到店服务
2016, 8.0万公里, 到店服务
2011, 7.1万公里, 到店服务
2015, 6.4万公里, 到店服务
2014, 5.5万公里, 到店服务
2016, 6.9万公里, 到店服务
2014, 2.2万公里, 到店服务
2010, 7.5万公里, 到店服务
2011, 12.8万公里, 到店服务
2012, 1.2万公里, 到店服务
2014, 8.2万公里, 店内直卖
2016, 2.8万公里, 到店服务
2016, 8.1万公里, 到店服务
2012, 8.1万公里, 到店服务
2013, 3.9万公里, 到店服务
2016, 2.0万公里, 到店服务
2011, 4.7万公里, 到店服务
2011, 13.9万公里, 到店服务
2018, 3.4万公里, 到店服务
2017, 1.6万公里, 到店服务
2015, 4.3万公里, 到店服务
2017, 2.0万公里, 到店服务
2017, 2.2万公里, 到店服务
2019, 0.5万公里, 到店服务
2013, 5.2万公里, 到店服务
2013, 10.0万公里, 店内直卖
2012, 4.1万公里, 到店服务
2013, 10.6万公里, 到店服务
2013, 7.0万公里, 到店服务
2010, 6.9万公里, 到店服务
2013, 5.5万公里, 到店服务
2019, 1.6万公里, 到店服务
2016, 2.0万公里, 到店服务
2016, 4.2万公里, 到店服务
2016, 4.0万公里, 到店服务
2014, 7.5万公里, 到店服务
2017, 2.4万公里, 到店服务
2014, 4.1万公里, 到店服务
2015, 9.3万公里, 到店服务
2015, 5.1万公里, 到店服务
2014, 5.5万公里, 到店服务
2011, 12.6万公里, 到店服务
2011, 7.0万公里, 到店服务
2014, 4.3万公里, 到店服务
2019, 0.4万公里, 到店服务
2015, 4.5万公里, 到店服务
2017, 0.9万公里, 到店服务
2016, 1.2万公里, 到店服务
2017, 3.3万公里, 到店服务
2014, 4.2万公里, 到店服务
2014, 4.5万公里, 到店服务
2016, 6.9万公里, 到店服务
2010, 5.5万公里, 到店服务
2012, 9.7万公里, 到店服务
2014, 3.7万公里, 到店服务
2017, 1.7万公里, 到店服务
2016, 4.5万公里, 到店服务
2016, 2.5万公里, 到店服务
2011, 9.7万公里, 到店服务
2012, 8.6万公里, 到店服务
2016, 4.2万公里, 到店服务
2015, 5.8万公里, 到店服务
2014, 4.8万公里, 到店服务
2014, 7.6万公里, 到店服务
2013, 5.8万公里, 到店服务
2014, 2.0万公里, 到店服务
2015, 11.8万公里, 到店服务
2014, 6.0万公里, 到店服务
2013, 8.0万公里, 到店服务
2016, 1.9万公里, 到店服务
2017, 1.9万公里, 到店服务
2018, 1.1万公里, 到店服务
2012, 5.0万公里, 到店服务
2018, 0.9万公里, 到店服务
2014, 5.1万公里, 到店服务
2016, 3.0万公里, 到店服务
2013, 6.1万公里, 到店服务
2018, 0.6万公里, 到店服务
2010, 7.9万公里, 到店服务
2016, 5.9万公里, 到店服务
2016, 8.3万公里, 到店服务
2016, 4.1万公里, 到店服务
2014, 5.4万公里, 到店服务
2011, 10.1万公里, 到店服务
2015, 3.7万公里, 到店服务
2017, 2.1万公里, 到店服务
2016, 7.7万公里, 到店服务
2014, 14.8万公里, 到店服务
2015, 4.8万公里, 到店服务
2016, 6.5万公里, 到店服务
2011, 3.9万公里, 到店服务
2017, 2.8万公里, 到店服务
2011, 6.9万公里, 到店服务
2016, 4.2万公里, 到店服务
2014, 4.2万公里, 到店服务
2014, 4.7万公里, 到店服务
2017, 2.2万公里, 到店服务
2016, 2.4万公里, 到店服务
2014, 4.4万公里, 到店服务
2014, 7.5万公里, 到店服务
2011, 10.0万公里, 到店服务
2015, 3.0万公里, 到店服务
2013, 1.0万公里, 到店服务
2014, 3.7万公里, 到店服务
2015, 8.5万公里, 到店服务
2014, 7.0万公里, 到店服务
2012, 11.8万公里, 到店服务
2014, 2.2万公里, 到店服务
2016, 3.3万公里, 到店服务
2013, 5.8万公里, 到店服务
2015, 10.5万公里, 到店服务
2016, 4.4万公里, 到店服务
2011, 11.8万公里, 到店服务
2016, 2.9万公里, 到店服务
2011, 5.6万公里, 到店服务
2014, 8.1万公里, 到店服务
2014, 5.8万公里, 到店服务
2015, 1.8万公里, 到店服务
2017, 1.1万公里, 到店服务
2016, 6.2万公里, 到店服务
2017, 2.3万公里, 到店服务
2014, 5.8万公里, 到店服务
2013, 7.7万公里, 到店服务
2012, 11.4万公里, 到店服务
2013, 6.7万公里, 到店服务
2016, 7.4万公里, 到店服务
2016, 5.5万公里, 到店服务
2018, 2.0万公里, 店内直卖
2013, 7.0万公里, 到店服务
2016, 5.9万公里, 到店服务
2014, 5.7万公里, 到店服务
2014, 3.5万公里, 到店服务
2014, 4.3万公里, 到店服务
2014, 5.9万公里, 到店服务
2014, 7.3万公里, 到店服务
2015, 7.0万公里, 到店服务
2016, 2.5万公里, 到店服务
2016, 3.8万公里, 到店服务
2015, 2.2万公里, 到店服务
2014, 2.7万公里, 到店服务
2017, 3.4万公里, 到店服务
2016, 1.5万公里, 到店服务
2016, 7.5万公里, 到店服务
2015, 5.7万公里, 到店服务
2016, 5.9万公里, 到店服务
2017, 6.1万公里, 到店服务
2012, 10.2万公里, 到店服务
2015, 3.1万公里, 到店服务
2016, 3.4万公里, 到店服务
2017, 3.1万公里, 店内直卖
2016, 2.5万公里, 到店服务
2009, 6.8万公里, 店内直卖
2016, 2.9万公里, 到店服务
2013, 7.7万公里, 到店服务
2014, 3.2万公里, 到店服务
2011, 9.4万公里, 到店服务
2011, 3.0万公里, 到店服务
2013, 2.2万公里, 到店服务
2014, 3.0万公里, 到店服务
2016, 3.2万公里, 到店服务
2013, 4.0万公里, 到店服务
2011, 8.0万公里, 到店服务
2015, 12.1万公里, 到店服务
2015, 11.6万公里, 到店服务
2011, 9.2万公里, 到店服务
2016, 3.1万公里, 到店服务
2011, 7.7万公里, 到店服务
2018, 0.5万公里, 到店服务
2015, 3.8万公里, 到店服务
2014, 5.5万公里, 到店服务
2016, 8.2万公里, 到店服务
2013, 5.8万公里, 到店服务
2016, 7.6万公里, 到店服务
2014, 9.1万公里, 到店服务
2012, 7.4万公里, 到店服务
2016, 6.2万公里, 到店服务
2014, 5.4万公里, 到店服务
2016, 3.2万公里, 到店服务
2013, 5.7万公里, 到店服务
2014, 7.9万公里, 到店服务
2016, 5.9万公里, 到店服务
2012, 11.7万公里, 到店服务
2016, 3.9万公里, 到店服务
2014, 1.7万公里, 到店服务
2016, 2.6万公里
2014, 4.8万公里, 到店服务
2014, 2.3万公里, 到店服务
2017, 2.5万公里, 到店服务
2012, 6.6万公里, 到店服务
2013, 13.3万公里, 到店服务
2015, 6.8万公里, 到店服务
2015, 6.2万公里, 到店服务
2014, 3.9万公里, 到店服务
2015, 3.4万公里, 到店服务
2012, 5.2万公里, 到店服务
2015, 1.5万公里, 到店服务
2014, 5.3万公里, 到店服务
2014, 4.7万公里, 到店服务
2011, 8.2万公里, 到店服务
2013, 6.7万公里, 到店服务
2015, 3.6万公里, 到店服务
2016, 5.6万公里, 到店服务
2015, 6.1万公里
2011, 12.1万公里
2015, 2.1万公里, 到店服务
2016, 1.3万公里, 到店服务
2017, 3.4万公里, 到店服务
2014, 13.8万公里, 到店服务
2017, 1.9万公里, 到店服务
2013, 11.5万公里, 到店服务
2016, 4.2万公里, 到店服务
2016, 5.0万公里, 到店服务
2014, 6.2万公里, 到店服务
2016, 4.7万公里, 到店服务
2013, 4.9万公里, 到店服务
2016, 5.0万公里, 到店服务
2014, 9.4万公里, 到店服务
2014, 3.8万公里
2014, 10.8万公里
2012, 6.2万公里
2015, 9.3万公里, 到店服务
2016, 2.5万公里, 到店服务
2016, 5.6万公里, 到店服务
2014, 9.3万公里, 到店服务
2013, 5.7万公里, 到店服务
2016, 3.5万公里, 到店服务
2015, 4.1万公里, 到店服务
2012, 5.6万公里, 到店服务
2017, 6.7万公里, 到店服务
2011, 6.8万公里, 到店服务
2013, 1.1万公里, 到店服务
2015, 3.6万公里, 到店服务
2015, 5.8万公里, 到店服务
2017, 6.1万公里, 到店服务
2015, 7.8万公里, 到店服务
2017, 2.5万公里, 到店服务
2016, 4.2万公里, 到店服务
2011, 3.6万公里, 到店服务
2016, 5.3万公里, 到店服务
2016, 1.6万公里, 到店服务
2016, 4.5万公里, 到店服务
2014, 10.6万公里, 到店服务
2017, 3.7万公里, 到店服务
2015, 9.4万公里, 到店服务
2016, 6.2万公里, 到店服务
2015, 3.1万公里, 到店服务
2017, 2.4万公里, 到店服务
2017, 3.2万公里, 到店服务
2018, 3.9万公里, 到店服务
2016, 1.8万公里, 到店服务
2014, 3.4万公里, 到店服务
2014, 2.7万公里, 到店服务
2015, 8.2万公里
2011, 7.6万公里
2016, 2.5万公里
2016, 3.1万公里, 到店服务
2012, 5.2万公里, 到店服务
2016, 3.7万公里, 到店服务
2014, 2.8万公里, 到店服务
2014, 4.8万公里, 到店服务
2014, 4.3万公里, 到店服务
2014, 5.7万公里, 到店服务
2011, 8.2万公里, 到店服务
2013, 4.5万公里, 到店服务
2016, 2.9万公里, 到店服务
2014, 4.9万公里, 到店服务
2016, 3.2万公里
2016, 2.2万公里, 到店服务
2010, 11.3万公里
2012, 14.3万公里
2014, 1.6万公里, 到店服务
2016, 4.9万公里, 到店服务
2015, 5.7万公里
2016, 10.4万公里, 到店服务
2013, 8.0万公里, 到店服务
2014, 1.7万公里, 到店服务
2017, 2.0万公里, 到店服务
2017, 3.2万公里, 到店服务
2012, 10.2万公里, 到店服务
2013, 10.7万公里, 到店服务
2013, 7.2万公里
2014, 9.1万公里, 到店服务
2016, 3.3万公里, 到店服务
2013, 7.5万公里, 到店服务
2013, 15.1万公里
2017, 2.3万公里, 到店服务
2013, 11.2万公里, 到店服务
2013, 9.1万公里, 到店服务
2013, 9.4万公里, 到店服务
2016, 4.1万公里, 到店服务
2016, 8.3万公里, 到店服务
2016, 10.7万公里
2015, 10.2万公里, 到店服务
2014, 6.0万公里, 到店服务
2016, 7.8万公里, 到店服务
2018, 1.5万公里
2016, 4.5万公里, 到店服务
2012, 5.5万公里, 到店服务
2013, 5.2万公里
2016, 9.6万公里
2012, 11.5万公里, 到店服务
2015, 7.6万公里, 到店服务
2015, 5.6万公里, 到店服务
2015, 2.6万公里, 到店服务
2013, 3.7万公里, 到店服务
2014, 5.0万公里, 到店服务
2017, 4.4万公里, 到店服务
2019, 0.1万公里, 到店服务
2014, 6.9万公里, 到店服务
2018, 1.7万公里, 到店服务
2016, 3.3万公里, 到店服务
2016, 2.0万公里, 到店服务
2013, 8.7万公里, 到店服务
2014, 5.4万公里, 到店服务
2018, 1.2万公里, 到店服务
2016, 2.8万公里, 到店服务
2018, 1.0万公里, 到店服务
2014, 1.6万公里, 到店服务
2013, 11.2万公里, 到店服务
2017, 1.1万公里, 店内直卖
2013, 14.0万公里, 到店服务
2013, 8.6万公里, 到店服务
2012, 13.4万公里, 到店服务
2016, 6.7万公里, 到店服务
2019, 0.2万公里, 到店服务
2016, 4.4万公里, 到店服务
2012, 5.3万公里, 到店服务
2017, 3.7万公里, 到店服务
2014, 5.0万公里, 到店服务
2015, 7.0万公里, 到店服务
2011, 8.4万公里, 到店服务
2018, 1.2万公里, 店内直卖
2016, 7.5万公里, 到店服务
2016, 4.2万公里, 到店服务
2017, 1.9万公里, 到店服务
2017, 3.5万公里, 到店服务
2014, 6.1万公里, 到店服务
2016, 4.0万公里, 到店服务
2018, 0.7万公里, 店内直卖
2014, 9.7万公里, 到店服务
2016, 2.4万公里, 到店服务
2017, 1.3万公里, 到店服务
2014, 5.4万公里, 到店服务
2011, 7.6万公里, 到店服务
2017, 2.1万公里, 到店服务
2014, 4.3万公里, 到店服务
2014, 3.7万公里, 到店服务
2016, 3.0万公里, 到店服务
2017, 7.0万公里, 到店服务
2016, 2.4万公里, 到店服务
2011, 9.9万公里, 到店服务
2012, 5.4万公里, 到店服务
2014, 5.7万公里, 到店服务
2015, 3.6万公里, 到店服务
2011, 3.5万公里, 到店服务
2014, 3.3万公里, 到店服务
2010, 4.5万公里, 到店服务
2012, 7.4万公里, 到店服务
2015, 4.8万公里, 到店服务
2015, 2.5万公里, 到店服务
2016, 4.7万公里, 到店服务
2014, 3.4万公里, 到店服务
2011, 8.9万公里, 到店服务
2013, 2.3万公里, 到店服务
2014, 5.5万公里, 到店服务
2013, 6.3万公里, 到店服务
2017, 3.9万公里, 到店服务
2014, 6.8万公里, 到店服务
2013, 9.9万公里, 到店服务
2012, 4.7万公里, 到店服务
2015, 3.2万公里, 到店服务
2015, 8.3万公里, 到店服务
2016, 4.1万公里, 到店服务
2014, 9.8万公里, 到店服务
2016, 3.0万公里, 到店服务
2014, 1.5万公里, 到店服务
2014, 4.4万公里, 到店服务
2018, 1.4万公里, 到店服务
2016, 3.0万公里, 到店服务
2017, 2.5万公里, 到店服务
2012, 4.2万公里, 到店服务
2016, 1.2万公里, 到店服务
2014, 2.1万公里, 到店服务
2012, 5.7万公里, 到店服务
2015, 4.2万公里, 到店服务
2015, 5.0万公里, 到店服务
2014, 3.7万公里, 到店服务
2016, 6.1万公里, 到店服务
2016, 2.5万公里, 到店服务
2015, 4.5万公里, 到店服务
2014, 6.3万公里, 到店服务
2015, 2.4万公里, 到店服务
2010, 9.3万公里, 到店服务
2017, 1.3万公里, 到店服务
2012, 10.4万公里, 到店服务
2014, 6.3万公里, 到店服务
2012, 12.6万公里, 到店服务
2014, 6.4万公里, 到店服务
2016, 2.9万公里, 到店服务
2015, 4.5万公里, 到店服务
2013, 5.0万公里, 到店服务
2018, 2.2万公里, 店内直卖
2017, 4.6万公里, 到店服务
2015, 3.3万公里, 到店服务
2013, 8.1万公里, 到店服务
2013, 1.4万公里, 到店服务
2012, 5.0万公里, 到店服务
2014, 6.1万公里, 到店服务
2011, 8.4万公里, 到店服务
2016, 2.8万公里, 到店服务
2013, 7.8万公里, 到店服务
2013, 4.5万公里, 到店服务
2016, 6.1万公里, 到店服务
2013, 2.7万公里, 到店服务
2014, 8.4万公里, 到店服务
2014, 2.9万公里, 到店服务
2017, 1.5万公里, 到店服务
2011, 8.5万公里, 到店服务
2014, 7.1万公里, 到店服务
2016, 4.3万公里, 到店服务
2012, 8.4万公里, 到店服务
2016, 3.0万公里, 到店服务
2015, 4.9万公里, 到店服务
2014, 9.1万公里, 到店服务
2015, 2.5万公里, 到店服务
2014, 6.8万公里, 到店服务
2016, 2.9万公里, 到店服务
2013, 5.8万公里, 到店服务
2014, 5.9万公里, 到店服务
2011, 1.7万公里, 到店服务
2017, 3.7万公里, 到店服务
2016, 3.9万公里, 到店服务
2015, 7.3万公里, 到店服务
2012, 7.6万公里, 到店服务
2011, 5.3万公里, 到店服务
2013, 10.8万公里, 到店服务
2014, 6.5万公里, 到店服务
2015, 4.6万公里, 到店服务
2012, 7.4万公里, 到店服务
2013, 4.8万公里, 到店服务
2014, 2.1万公里, 到店服务
2011, 9.3万公里, 到店服务
2015, 3.5万公里, 到店服务
2014, 2.7万公里, 到店服务
2012, 7.4万公里, 到店服务
2014, 2.5万公里, 到店服务
2014, 5.1万公里, 到店服务
2013, 4.7万公里, 到店服务
2015, 6.3万公里, 到店服务
2016, 3.9万公里, 到店服务
2015, 2.2万公里, 到店服务
2014, 8.7万公里, 到店服务
2015, 6.0万公里, 到店服务
2014, 9.5万公里, 到店服务
2015, 2.4万公里, 到店服务
2014, 4.2万公里, 到店服务
2015, 10.7万公里
2013, 6.7万公里, 到店服务
2014, 1.9万公里, 到店服务
2015, 5.2万公里, 到店服务
2014, 6.7万公里
2018, 0.7万公里
2017, 1.1万公里
2014, 7.5万公里, 到店服务
2014, 5.7万公里, 到店服务
2015, 4.8万公里, 到店服务
2015, 8.3万公里
2014, 3.4万公里, 到店服务
2015, 5.1万公里, 到店服务
2014, 4.3万公里, 到店服务
2013, 4.8万公里, 到店服务
2016, 5.2万公里, 到店服务
2012, 12.2万公里
2016, 3.4万公里
2015, 7.6万公里, 到店服务
2017, 1.7万公里
2014, 0.5万公里, 到店服务
2013, 11.5万公里, 到店服务
2017, 2.5万公里, 到店服务
2015, 2.2万公里, 到店服务
2015, 1.5万公里, 到店服务
2015, 7.6万公里
2013, 12.5万公里, 到店服务
2014, 3.0万公里, 到店服务
2014, 9.5万公里, 到店服务
2014, 7.1万公里, 到店服务
2014, 7.2万公里, 到店服务
2014, 5.7万公里, 到店服务
2015, 4.1万公里, 到店服务
2014, 8.3万公里, 到店服务
2014, 9.5万公里, 到店服务
2015, 11.6万公里, 到店服务
2014, 4.9万公里, 到店服务
2014, 6.8万公里, 到店服务
2014, 8.8万公里, 到店服务
2016, 3.3万公里, 到店服务
2015, 5.4万公里
2016, 5.8万公里, 到店服务
2016, 10.9万公里
2013, 8.1万公里, 到店服务
2011, 10.4万公里, 到店服务
2018, 0.1万公里, 到店服务
2015, 5.7万公里, 到店服务
2014, 5.2万公里, 到店服务
2013, 4.3万公里
2012, 8.6万公里, 到店服务
2013, 7.6万公里, 到店服务
2015, 3.7万公里, 到店服务
2016, 1.4万公里
2016, 2.7万公里
2013, 12.3万公里, 到店服务
2016, 5.1万公里, 到店服务
2011, 7.2万公里
2015, 2.6万公里, 到店服务
2014, 5.5万公里, 到店服务
2017, 3.4万公里, 到店服务
2012, 6.1万公里
2015, 5.6万公里, 到店服务
2014, 3.5万公里, 到店服务
2014, 4.3万公里, 到店服务
2018, 2.7万公里, 到店服务
2018, 0.4万公里, 到店服务
2013, 12.5万公里
2013, 5.3万公里
2015, 8.4万公里, 到店服务
2017, 4.1万公里, 到店服务
2016, 5.0万公里, 到店服务
2012, 2.5万公里, 到店服务
2014, 6.1万公里, 到店服务
2014, 7.6万公里, 到店服务
2017, 1.7万公里, 到店服务
2016, 6.8万公里
2013, 9.3万公里, 到店服务
2018, 2.6万公里
2014, 4.2万公里, 到店服务
2016, 5.1万公里, 到店服务
2018, 2.9万公里, 到店服务
2016, 5.0万公里, 到店服务
2015, 5.0万公里
2011, 8.9万公里
2014, 4.5万公里, 到店服务
2014, 2.0万公里, 到店服务
2016, 4.5万公里, 到店服务
2016, 2.0万公里, 到店服务
2017, 1.0万公里, 到店服务
2014, 5.8万公里, 到店服务
2018, 0.9万公里, 到店服务
2011, 4.6万公里, 到店服务
2017, 5.3万公里, 到店服务
2016, 5.5万公里, 到店服务
2013, 2.3万公里, 到店服务
2016, 8.3万公里, 到店服务
2017, 3.4万公里, 到店服务
2017, 2.4万公里, 到店服务
2016, 7.2万公里, 到店服务
2013, 9.7万公里, 到店服务
2016, 3.0万公里, 到店服务
2019, 400公里, 到店服务
2014, 3.1万公里, 到店服务
2014, 9.2万公里, 到店服务
2013, 6.3万公里, 到店服务
2013, 6.5万公里, 到店服务
2014, 4.2万公里, 到店服务
2013, 2.9万公里, 到店服务
2013, 7.4万公里, 到店服务
2016, 9.3万公里
2015, 7.0万公里
2014, 9.2万公里, 到店服务
2015, 4.7万公里, 到店服务
2016, 2.5万公里, 到店服务
2014, 8.3万公里, 到店服务
2016, 2.5万公里
2015, 5.9万公里, 到店服务
2013, 6.6万公里, 到店服务
2015, 4.6万公里, 到店服务
2013, 10.2万公里
2013, 6.0万公里, 到店服务
2015, 7.5万公里, 到店服务
2015, 7.6万公里, 到店服务
2018, 2.6万公里, 到店服务
2013, 4.0万公里, 到店服务
2017, 3.3万公里, 到店服务
2014, 14.1万公里
2014, 7.3万公里, 到店服务
2016, 1.8万公里
2019, 700公里, 到店服务
2017, 3.0万公里, 到店服务
2012, 5.0万公里, 到店服务
2015, 9.9万公里, 到店服务
2014, 6.6万公里, 到店服务
2017, 2.4万公里, 到店服务
2016, 2.8万公里, 到店服务
2018, 4.4万公里, 到店服务
2015, 6.9万公里
2016, 4.8万公里, 到店服务
2015, 5.4万公里, 到店服务
2017, 9.9万公里
2013, 7.9万公里, 到店服务
2016, 5.8万公里, 到店服务
2012, 8.2万公里, 到店服务
2015, 2.2万公里, 到店服务
2016, 3.6万公里, 到店服务
2015, 3.4万公里, 到店服务
2017, 5.4万公里, 到店服务
2015, 11.7万公里, 到店服务
2015, 5.8万公里, 到店服务
2017, 1.9万公里
2016, 7.2万公里, 到店服务
2014, 4.3万公里, 到店服务
2015, 6.7万公里, 到店服务
2015, 4.8万公里, 到店服务
2016, 3.1万公里, 到店服务
2014, 6.4万公里
2016, 9.8万公里, 到店服务
2013, 4.3万公里, 到店服务
2017, 1.6万公里, 到店服务
2016, 4.4万公里, 到店服务
2016, 2.5万公里
2016, 5.7万公里, 到店服务
2016, 7.2万公里, 到店服务
2013, 3.9万公里, 到店服务
2012, 6.4万公里, 到店服务
2012, 6.2万公里, 到店服务
2017, 3.9万公里, 到店服务
2016, 2.4万公里, 店内直卖
2018, 2.6万公里, 店内直卖
2019, 0.4万公里, 店内直卖
2016, 5.3万公里, 店内直卖
2014, 5.2万公里, 店内直卖
2015, 8.4万公里, 店内直卖
2016, 4.2万公里, 店内直卖
2016, 4.9万公里, 店内直卖
2015, 7.3万公里, 店内直卖
2016, 2.0万公里, 店内直卖
2015, 4.0万公里, 店内直卖
2016, 1.9万公里, 店内直卖
2016, 3.9万公里, 店内直卖
2018, 0.9万公里, 店内直卖
2016, 1.4万公里, 店内直卖
2016, 2.2万公里, 店内直卖
2016, 1.5万公里, 店内直卖
2015, 3.8万公里, 店内直卖
2016, 7.6万公里, 店内直卖
2016, 5.3万公里, 店内直卖
2011, 8.3万公里, 到店服务
2015, 6.0万公里, 到店服务
2018, 0.1万公里, 到店服务
2017, 4.1万公里, 到店服务
2017, 2.4万公里, 到店服务
2012, 7.7万公里, 到店服务
2016, 4.7万公里, 到店服务
2016, 8.3万公里, 到店服务
2016, 3.3万公里, 店内直卖
2013, 9.1万公里, 到店服务
2013, 8.2万公里, 到店服务
2016, 4.6万公里, 到店服务
2012, 8.0万公里, 到店服务
2017, 1.0万公里, 到店服务
2014, 6.8万公里, 到店服务
2012, 4.8万公里, 到店服务
2013, 7.5万公里, 到店服务
2016, 4.1万公里, 到店服务
2014, 7.8万公里, 到店服务
2015, 3.7万公里, 到店服务
2011, 5.7万公里, 到店服务
2014, 7.5万公里, 到店服务
2013, 8.2万公里, 到店服务
2014, 3.8万公里, 到店服务
2013, 6.5万公里, 到店服务
2018, 0.9万公里, 到店服务
2015, 4.7万公里, 到店服务
2014, 5.5万公里, 到店服务
2015, 4.9万公里, 到店服务
2012, 7.0万公里, 到店服务
2013, 3.9万公里, 到店服务
2013, 9.7万公里, 到店服务
2012, 9.8万公里, 到店服务
2016, 4.5万公里, 到店服务
2010, 2.7万公里, 到店服务
2016, 1.9万公里, 到店服务
2015, 3.6万公里, 到店服务
2017, 2.6万公里, 到店服务
2014, 4.6万公里, 到店服务
2016, 3.5万公里, 到店服务
2016, 3.5万公里, 到店服务
2014, 7.5万公里, 到店服务
2012, 9.4万公里, 到店服务
2011, 9.7万公里, 到店服务
2014, 5.7万公里, 到店服务
2015, 5.2万公里, 到店服务
2015, 6.9万公里, 到店服务
2013, 9.8万公里, 到店服务
2013, 4.6万公里, 到店服务
2015, 3.2万公里, 到店服务
2014, 3.2万公里, 到店服务
2014, 6.8万公里, 到店服务
2016, 3.6万公里, 到店服务
2016, 4.3万公里, 到店服务
2013, 7.5万公里, 到店服务
2015, 5.8万公里, 店内直卖
2016, 4.8万公里, 到店服务
2015, 5.4万公里, 到店服务
2012, 10.3万公里, 到店服务
2015, 4.4万公里, 到店服务
2013, 6.2万公里, 到店服务
2015, 2.6万公里, 到店服务
2013, 6.1万公里, 到店服务
2012, 7.7万公里, 到店服务
2014, 7.7万公里, 到店服务
2014, 6.6万公里, 到店服务
2016, 3.2万公里, 到店服务
2015, 8.1万公里, 到店服务
2016, 2.3万公里, 到店服务
2016, 5.0万公里, 到店服务
2016, 5.7万公里, 到店服务
2012, 7.2万公里, 到店服务
2015, 4.7万公里, 到店服务
2015, 2.6万公里, 到店服务
2012, 6.6万公里, 到店服务
2016, 3.5万公里, 到店服务
2015, 3.6万公里, 到店服务
2015, 2.1万公里, 到店服务
2012, 5.4万公里, 到店服务
2012, 8.6万公里, 到店服务
2016, 4.5万公里, 到店服务
2015, 3.6万公里, 到店服务
2012, 8.0万公里, 到店服务
2011, 6.6万公里, 到店服务
2014, 8.4万公里, 到店服务
2015, 4.8万公里, 到店服务
2015, 3.7万公里, 到店服务
2015, 7.9万公里, 到店服务
2016, 2.0万公里, 到店服务
2014, 3.9万公里, 到店服务
2014, 6.7万公里, 到店服务
2015, 8.8万公里, 到店服务
2016, 4.9万公里, 到店服务
2014, 11.2万公里, 到店服务
2015, 7.1万公里, 到店服务
2013, 2.9万公里, 到店服务
2012, 1.5万公里, 到店服务
2015, 7.4万公里, 到店服务
2016, 8.2万公里, 到店服务
2015, 6.5万公里, 到店服务
2016, 2.4万公里, 到店服务
2013, 2.8万公里, 到店服务
2016, 4.5万公里, 到店服务
2013, 3.9万公里, 到店服务
2016, 4.3万公里, 到店服务
2015, 3.0万公里, 到店服务
2014, 8.5万公里, 到店服务
2013, 7.7万公里, 到店服务
2012, 11.2万公里, 到店服务
2013, 7.3万公里, 到店服务
2015, 2.7万公里, 到店服务
2014, 5.7万公里, 到店服务
2014, 5.4万公里, 到店服务
2013, 13.1万公里, 到店服务
2014, 3.8万公里, 到店服务
2016, 1.1万公里
2014, 6.4万公里, 到店服务
2018, 1.2万公里, 到店服务
2014, 7.5万公里, 到店服务
2015, 4.3万公里, 到店服务
2016, 2.4万公里, 到店服务
2016, 4.3万公里, 到店服务
2016, 2.3万公里, 到店服务
2015, 3.9万公里, 到店服务
2016, 3.7万公里, 到店服务
2013, 6.8万公里, 到店服务
2016, 3.6万公里, 到店服务
2015, 5.8万公里
2012, 7.1万公里, 到店服务
2015, 6.9万公里, 到店服务
2016, 2.3万公里
2017, 2.1万公里, 到店服务
2017, 1.4万公里, 到店服务
2012, 7.4万公里, 到店服务
2014, 5.7万公里, 到店服务
2014, 5.8万公里
2013, 5.5万公里, 到店服务
2017, 0.8万公里, 到店服务
2016, 7.7万公里, 到店服务
2012, 7.0万公里
2014, 4.8万公里, 到店服务
2018, 2.1万公里, 到店服务
2014, 4.3万公里, 到店服务
2014, 5.1万公里, 到店服务
2011, 12.0万公里, 到店服务
2018, 1.5万公里, 到店服务
2016, 8.1万公里, 到店服务
2016, 6.5万公里, 到店服务
2016, 7.2万公里, 到店服务
2014, 4.7万公里, 到店服务
2018, 2.4万公里
2019, 800公里, 到店服务
2013, 9.6万公里
2014, 4.5万公里, 到店服务
2012, 4.0万公里, 到店服务
2016, 4.3万公里, 到店服务
2016, 1.0万公里, 到店服务
2011, 8.7万公里
2015, 7.6万公里
2016, 3.4万公里, 到店服务
2014, 1.8万公里, 到店服务
2012, 8.1万公里
2014, 8.8万公里, 到店服务
2018, 1.3万公里, 到店服务
2016, 1.9万公里, 到店服务
2013, 9.7万公里, 到店服务
2017, 1.8万公里, 到店服务
2016, 3.4万公里, 到店服务
2014, 7.9万公里, 到店服务
2015, 5.2万公里
2015, 8.0万公里, 到店服务
2012, 2.5万公里, 到店服务
2011, 7.3万公里, 到店服务
2016, 6.4万公里, 到店服务
2013, 6.2万公里, 到店服务
2015, 6.5万公里, 到店服务
2016, 13.4万公里, 到店服务
2014, 9.4万公里
2015, 4.5万公里
2018, 0.7万公里, 到店服务
2013, 10.8万公里
2013, 12.3万公里, 到店服务
2013, 0.2万公里, 到店服务
2014, 1.4万公里
2016, 4.3万公里, 到店服务
2012, 4.7万公里, 到店服务
2017, 3.0万公里, 到店服务
2011, 11.7万公里, 到店服务
2013, 5.3万公里
2014, 2.7万公里
2015, 1.9万公里, 到店服务
2014, 6.1万公里, 到店服务
2013, 11.7万公里, 到店服务
2014, 8.9万公里, 到店服务
2013, 6.2万公里
2018, 1.7万公里, 到店服务
2016, 4.8万公里, 到店服务
2017, 1.3万公里, 到店服务
2017, 1.5万公里, 到店服务
2017, 2.5万公里
2012, 3.5万公里, 到店服务
2013, 15.1万公里, 到店服务
2014, 9.2万公里
2016, 3.0万公里
2017, 5.3万公里
2013, 11.2万公里, 到店服务
2017, 3.5万公里, 到店服务
2014, 5.8万公里, 到店服务
2013, 5.3万公里, 到店服务
2013, 10.8万公里, 到店服务
2014, 13.6万公里, 到店服务
2016, 6.9万公里, 到店服务
2016, 6.8万公里, 到店服务
2016, 6.0万公里, 到店服务
2014, 7.7万公里, 到店服务
2017, 3.9万公里
2014, 7.4万公里
2013, 9.8万公里
2016, 5.0万公里, 到店服务
2017, 2.7万公里, 到店服务
2017, 2.7万公里, 店内直卖
2014, 9.6万公里, 到店服务
2013, 9.0万公里, 到店服务
2017, 1.6万公里, 到店服务
2013, 9.7万公里, 到店服务
2016, 6.4万公里, 到店服务
2016, 5.2万公里, 到店服务
2013, 4.5万公里, 到店服务
2013, 5.7万公里
2017, 6.1万公里, 到店服务
2015, 3.6万公里
2017, 3.6万公里, 到店服务
2014, 9.5万公里, 到店服务
2016, 4.8万公里, 到店服务
2013, 11.6万公里, 到店服务
2018, 1.3万公里, 到店服务
2017, 4.3万公里, 到店服务
2014, 5.2万公里, 到店服务
2017, 5.8万公里, 到店服务
2013, 10.1万公里
2014, 5.9万公里, 到店服务
2012, 4.7万公里
2014, 6.6万公里
2017, 1.7万公里, 到店服务
2015, 8.3万公里, 到店服务
2015, 4.3万公里, 到店服务
2014, 12.5万公里, 到店服务
2013, 8.6万公里, 到店服务
2018, 2.1万公里, 到店服务
2016, 8.1万公里, 到店服务
2018, 4.1万公里, 到店服务
2013, 6.7万公里, 到店服务
2014, 7.6万公里, 到店服务
2012, 1.9万公里
2018, 2.9万公里, 到店服务
2016, 6.3万公里, 到店服务
2013, 9.9万公里, 到店服务
2014, 9.4万公里, 到店服务
2017, 4.7万公里, 到店服务
2011, 3.6万公里, 到店服务
2018, 2.2万公里, 到店服务
2016, 2.5万公里, 到店服务
2016, 4.6万公里, 到店服务
2014, 12.8万公里
2015, 7.1万公里, 到店服务
2017, 6.2万公里, 到店服务
2016, 4.5万公里, 到店服务
2017, 2.0万公里, 到店服务
2018, 1.9万公里, 到店服务
2013, 9.4万公里, 到店服务
2016, 7.1万公里
2013, 4.4万公里, 到店服务
2013, 12.0万公里
2015, 7.9万公里, 到店服务
2012, 12.9万公里
2017, 3.7万公里, 到店服务
2013, 6.8万公里, 到店服务
2014, 7.1万公里
2015, 3.9万公里, 到店服务
2018, 4.1万公里
2015, 6.6万公里, 到店服务
2015, 10.6万公里
2018, 3.1万公里
2015, 3.7万公里, 到店服务
2016, 7.3万公里, 到店服务
2013, 9.8万公里, 到店服务
2016, 2.4万公里, 到店服务
2015, 4.9万公里
2013, 9.8万公里
2015, 2.5万公里, 到店服务
2019, 0.6万公里, 到店服务
2017, 2.3万公里, 到店服务
2016, 1.8万公里, 到店服务
2012, 13.8万公里
2018, 1.9万公里, 到店服务
2014, 6.5万公里, 到店服务
2014, 11.8万公里, 到店服务
2015, 10.4万公里, 到店服务
2015, 3.0万公里
2014, 5.2万公里, 到店服务
2013, 11.6万公里
2014, 7.5万公里
2014, 6.8万公里, 到店服务
2016, 4.0万公里, 到店服务
2014, 3.2万公里
2017, 2.4万公里, 到店服务
2017, 2.5万公里, 到店服务
2013, 9.7万公里, 到店服务
2017, 4.5万公里, 到店服务
2012, 13.3万公里, 到店服务
2016, 5.2万公里
2018, 3.9万公里, 到店服务
2015, 6.0万公里, 到店服务
2015, 4.6万公里
2016, 3.7万公里
2014, 8.6万公里, 到店服务
2014, 11.8万公里
2015, 6.2万公里, 到店服务
2016, 13.0万公里, 到店服务
2017, 4.3万公里, 到店服务
2016, 2.4万公里, 店内直卖
2018, 2.6万公里, 店内直卖
2019, 0.4万公里, 店内直卖
2016, 5.3万公里, 店内直卖
2014, 5.2万公里, 店内直卖
2015, 8.4万公里, 店内直卖
2016, 4.2万公里, 店内直卖
2016, 4.9万公里, 店内直卖
2015, 7.3万公里, 店内直卖
2016, 2.0万公里, 店内直卖
2015, 4.0万公里, 店内直卖
2016, 1.9万公里, 店内直卖
2016, 3.9万公里, 店内直卖
2018, 0.9万公里, 店内直卖
2016, 1.4万公里, 店内直卖
2016, 2.2万公里, 店内直卖
2016, 1.5万公里, 店内直卖
2015, 3.8万公里, 店内直卖
2016, 7.6万公里, 店内直卖
2016, 5.3万公里, 店内直卖
2015, 6.3万公里, 到店服务
2015, 9.6万公里, 到店服务
2015, 6.8万公里, 到店服务
2014, 4.4万公里, 到店服务
2012, 9.2万公里, 到店服务
2012, 11.8万公里, 到店服务
2016, 2.8万公里, 到店服务
2016, 4.8万公里, 到店服务
2016, 10.2万公里, 到店服务
2017, 0.6万公里, 到店服务
2017, 0.7万公里, 到店服务
2015, 5.0万公里, 到店服务
2017, 2.8万公里, 到店服务
2014, 8.6万公里, 到店服务
2013, 3.7万公里, 到店服务
2018, 0.8万公里, 到店服务
2015, 2.4万公里, 到店服务
2014, 5.6万公里, 到店服务
2017, 2.8万公里, 到店服务
2017, 3.0万公里, 到店服务
2017, 1.6万公里, 到店服务
2015, 5.0万公里, 到店服务
2013, 5.5万公里, 到店服务
2015, 5.7万公里, 到店服务
2017, 3.1万公里, 到店服务
2015, 4.9万公里, 到店服务
2015, 1.8万公里, 到店服务
2011, 8.7万公里, 到店服务
2018, 1.5万公里, 到店服务
2018, 1.5万公里, 到店服务
2016, 1.9万公里, 到店服务
2013, 4.4万公里, 到店服务
2017, 0.9万公里, 到店服务
2015, 4.9万公里, 到店服务
2016, 3.4万公里, 到店服务
2014, 7.5万公里, 到店服务
2016, 1.9万公里, 到店服务
2017, 1.1万公里, 到店服务
2016, 3.0万公里, 到店服务
2018, 2.2万公里, 到店服务
2015, 7.7万公里, 到店服务
2015, 6.8万公里, 到店服务
2014, 8.5万公里, 到店服务
2013, 6.5万公里, 到店服务
2018, 1.4万公里, 到店服务
2017, 3.3万公里, 到店服务
2017, 4.6万公里, 到店服务
2014, 2.6万公里, 到店服务
2018, 0.7万公里, 到店服务
2016, 4.5万公里, 到店服务
2013, 5.0万公里, 到店服务
2017, 1.0万公里, 到店服务
2015, 2.0万公里, 到店服务
2012, 9.4万公里, 到店服务
2016, 3.9万公里, 到店服务
2016, 4.1万公里, 到店服务
2014, 8.5万公里, 到店服务
2013, 4.2万公里, 到店服务
2013, 5.5万公里, 到店服务
2012, 8.6万公里, 到店服务
2017, 5.5万公里, 到店服务
2015, 7.5万公里, 到店服务
2015, 5.1万公里, 到店服务
2017, 2.4万公里, 到店服务
2015, 3.7万公里, 到店服务
2016, 6.3万公里, 到店服务
2017, 2.2万公里, 到店服务
2018, 2.6万公里, 到店服务
2016, 5.0万公里, 到店服务
2016, 1.9万公里, 到店服务
2016, 6.3万公里, 到店服务
2018, 0.3万公里, 到店服务
2017, 1.8万公里, 到店服务
2016, 5.9万公里, 到店服务
2015, 3.4万公里, 到店服务
2016, 6.2万公里, 到店服务
2016, 7.9万公里, 到店服务
2018, 1.8万公里, 到店服务
2017, 4.1万公里, 到店服务
2016, 9.5万公里, 到店服务
2014, 6.2万公里, 到店服务
2018, 3.7万公里, 到店服务
2018, 2.1万公里, 到店服务
2015, 4.8万公里, 到店服务
2017, 3.2万公里, 到店服务
2015, 5.0万公里, 到店服务
2016, 8.4万公里, 到店服务
2012, 3.3万公里, 到店服务
2017, 4.1万公里, 到店服务
2016, 2.5万公里, 到店服务
2019, 100公里, 到店服务
2017, 3.0万公里, 到店服务
2017, 1.2万公里, 到店服务
2016, 5.3万公里, 到店服务
2016, 4.7万公里, 到店服务
2017, 3.3万公里, 到店服务
2017, 4.8万公里, 到店服务
2018, 0.8万公里, 到店服务
2012, 10.8万公里, 到店服务
2017, 2.2万公里, 到店服务
2018, 4.4万公里, 到店服务
2018, 2.4万公里, 到店服务
2015, 5.4万公里, 到店服务
2013, 2.9万公里, 到店服务
2014, 4.2万公里, 到店服务
2013, 7.6万公里, 到店服务
2011, 6.4万公里
2010, 9.0万公里, 到店服务
2015, 4.7万公里, 到店服务
2014, 5.6万公里, 到店服务
2014, 5.8万公里, 到店服务
2014, 7.1万公里
2018, 1.0万公里, 到店服务
2019, 400公里, 到店服务
2014, 6.0万公里, 到店服务
2016, 1.9万公里, 到店服务
2014, 6.8万公里, 到店服务
2014, 8.1万公里, 到店服务
2016, 6.2万公里
2018, 2.3万公里, 到店服务
2016, 3.0万公里, 到店服务
2013, 8.9万公里, 到店服务
2014, 7.9万公里
2017, 2.7万公里, 到店服务
2015, 3.7万公里, 到店服务
2016, 7.4万公里, 到店服务
2016, 9.7万公里, 到店服务
2015, 2.5万公里, 到店服务
2013, 9.8万公里
2015, 7.5万公里, 到店服务
2015, 8.7万公里, 到店服务
2015, 8.2万公里, 到店服务
2018, 2.2万公里, 到店服务
2014, 4.5万公里, 到店服务
2013, 6.3万公里, 到店服务
2017, 2.2万公里, 到店服务
2014, 1.3万公里, 到店服务
2016, 3.5万公里
2015, 5.7万公里, 到店服务
2017, 4.1万公里, 到店服务
2017, 1.6万公里, 到店服务
2014, 5.3万公里, 到店服务
2014, 5.5万公里
2014, 6.4万公里, 到店服务
2014, 2.4万公里, 到店服务
2015, 12.6万公里
2018, 900公里, 到店服务
2014, 2.5万公里, 到店服务
2013, 5.9万公里, 到店服务
2011, 8.7万公里, 到店服务
2014, 8.2万公里, 到店服务
2014, 9.2万公里, 到店服务
2015, 6.7万公里, 到店服务
2014, 2.5万公里
2014, 9.8万公里, 到店服务
2017, 2.4万公里, 到店服务
2015, 3.8万公里, 到店服务
2018, 2.0万公里, 到店服务
2017, 3.5万公里, 到店服务
2017, 1.7万公里, 到店服务
2010, 9.9万公里
2015, 4.7万公里, 到店服务
2014, 6.3万公里
2011, 3.1万公里
2016, 4.6万公里, 到店服务
2012, 14.5万公里, 到店服务
2017, 3.9万公里, 到店服务
2014, 7.5万公里, 到店服务
2013, 4.2万公里, 到店服务
2017, 3.9万公里, 到店服务
2015, 1.9万公里, 到店服务
2014, 4.8万公里, 到店服务
2018, 1.1万公里, 到店服务
2016, 4.3万公里
2014, 8.2万公里, 到店服务
2016, 8.7万公里
2015, 2.6万公里
2015, 7.6万公里, 到店服务
2017, 2.2万公里, 到店服务
2014, 6.8万公里, 到店服务
2013, 8.7万公里, 到店服务
2012, 6.2万公里
2015, 6.4万公里, 到店服务
2014, 3.4万公里, 到店服务
2015, 8.6万公里, 到店服务
2019, 0.2万公里, 到店服务
2015, 3.3万公里, 到店服务
2015, 9.6万公里, 到店服务
2013, 4.2万公里, 到店服务
2016, 12.3万公里, 到店服务
2012, 8.5万公里, 到店服务
2014, 10.3万公里, 到店服务
2015, 6.6万公里, 到店服务
2016, 1.7万公里, 到店服务
2016, 4.3万公里
2012, 6.1万公里
2017, 3.7万公里
2014, 7.3万公里
2018, 3.5万公里, 到店服务
2016, 1.5万公里, 到店服务
2018, 1.9万公里, 到店服务
2015, 11.1万公里, 到店服务
2016, 10.5万公里, 到店服务
2016, 5.0万公里
2017, 3.1万公里, 到店服务
2014, 4.5万公里, 到店服务
2014, 3.5万公里, 到店服务
2015, 4.7万公里, 到店服务
2015, 7.7万公里
2014, 1.5万公里
2017, 4.1万公里, 到店服务
2016, 5.3万公里, 到店服务
2016, 6.9万公里, 到店服务
2018, 1.9万公里, 到店服务
2014, 9.7万公里, 到店服务
2014, 1.7万公里, 到店服务
2018, 800公里
2014, 11.1万公里, 到店服务
2015, 6.7万公里, 到店服务
2015, 9.5万公里, 到店服务
2015, 9.5万公里, 到店服务
2016, 5.7万公里, 到店服务
2015, 5.0万公里, 到店服务
2016, 3.2万公里
2014, 6.1万公里
2013, 4.8万公里, 到店服务
2018, 2.6万公里, 到店服务
2018, 1.2万公里, 到店服务
2012, 12.2万公里
2014, 6.1万公里, 到店服务
2012, 10.8万公里, 到店服务
2014, 7.0万公里, 到店服务
2017, 4.3万公里
2015, 5.9万公里
2013, 7.5万公里, 到店服务
2016, 3.7万公里, 到店服务
2014, 3.5万公里
2014, 9.8万公里
2018, 2.0万公里, 到店服务
2016, 7.1万公里, 到店服务
2015, 5.8万公里, 到店服务
2012, 3.4万公里, 到店服务
2015, 5.4万公里, 到店服务
2016, 8.1万公里, 到店服务
2019, 0.4万公里, 到店服务
2015, 8.1万公里, 到店服务
2009, 11.5万公里
2017, 2.2万公里
2013, 6.4万公里, 到店服务
2014, 8.5万公里, 到店服务
2016, 7.3万公里, 到店服务
2016, 6.3万公里, 到店服务
2015, 8.7万公里, 到店服务
2016, 3.9万公里, 到店服务
2014, 12.0万公里, 到店服务
2013, 12.3万公里, 到店服务
2017, 4.8万公里
2017, 7.8万公里, 到店服务
2014, 7.5万公里
2011, 8.1万公里, 到店服务
2017, 5.9万公里, 到店服务
2015, 5.6万公里
2016, 4.8万公里
2016, 7.4万公里, 到店服务
2014, 6.2万公里, 到店服务
2016, 3.3万公里, 到店服务
2018, 2.9万公里
2016, 8.2万公里
2016, 10.0万公里
2016, 3.7万公里, 到店服务
2014, 4.3万公里, 到店服务
2017, 4.8万公里, 到店服务
2013, 2.5万公里
2014, 4.9万公里, 到店服务
2014, 5.9万公里
2016, 2.0万公里, 到店服务
2011, 8.2万公里, 到店服务
2016, 3.5万公里, 到店服务
2016, 5.8万公里, 到店服务
2017, 5.4万公里, 到店服务
2016, 5.7万公里, 到店服务
2014, 6.1万公里, 到店服务
2014, 8.2万公里
2017, 4.6万公里, 到店服务
2014, 10.2万公里
2017, 2.1万公里, 到店服务
2014, 6.9万公里
2018, 3.1万公里
2014, 10.8万公里, 到店服务
2015, 8.5万公里
2013, 9.5万公里, 到店服务
2017, 1.7万公里, 到店服务
2015, 8.5万公里, 到店服务
2013, 13.6万公里
2019, 0.3万公里
2015, 8.4万公里, 到店服务
2015, 3.6万公里, 到店服务
2015, 6.0万公里, 到店服务
2019, 1.0万公里, 到店服务
2017, 6.2万公里, 到店服务
2016, 2.4万公里
2013, 9.3万公里
2014, 7.5万公里, 到店服务
2017, 4.7万公里, 到店服务
2016, 6.1万公里, 到店服务
2013, 7.2万公里
2017, 2.5万公里, 到店服务
2016, 6.0万公里, 到店服务
2017, 3.6万公里, 到店服务
2014, 6.4万公里
2016, 6.3万公里, 到店服务
2014, 7.5万公里, 到店服务
2015, 3.7万公里, 到店服务
2018, 4.1万公里, 到店服务
2014, 6.7万公里, 到店服务
2017, 0.6万公里
2018, 2.4万公里
2013, 10.9万公里, 到店服务
2012, 11.5万公里, 到店服务
2015, 10.0万公里, 到店服务
2016, 2.4万公里, 店内直卖
2018, 2.6万公里, 店内直卖
2019, 0.4万公里, 店内直卖
2016, 5.3万公里, 店内直卖
2014, 5.2万公里, 店内直卖
2015, 8.4万公里, 店内直卖
2016, 4.2万公里, 店内直卖
2016, 4.9万公里, 店内直卖
2015, 7.3万公里, 店内直卖
2016, 2.0万公里, 店内直卖
2015, 4.0万公里, 店内直卖
2016, 1.9万公里, 店内直卖
2016, 3.9万公里, 店内直卖
2018, 0.9万公里, 店内直卖
2016, 1.4万公里, 店内直卖
2016, 2.2万公里, 店内直卖
2016, 1.5万公里, 店内直卖
2015, 3.8万公里, 店内直卖
2016, 7.6万公里, 店内直卖
2016, 5.3万公里, 店内直卖
2017, 3.0万公里, 到店服务
2017, 2.2万公里, 到店服务
2014, 3.6万公里, 到店服务
2011, 8.3万公里, 到店服务
2017, 3.5万公里, 到店服务
2013, 7.6万公里, 到店服务
2018, 0.8万公里, 到店服务
2019, 0.3万公里, 到店服务
2014, 5.5万公里, 到店服务
2012, 8.9万公里, 到店服务
2011, 8.0万公里, 到店服务
2016, 4.4万公里, 到店服务
2015, 2.9万公里, 到店服务
2015, 3.8万公里, 到店服务
2013, 6.4万公里, 到店服务
2016, 3.5万公里, 到店服务
2018, 4.9万公里, 到店服务
2017, 3.5万公里, 到店服务
2016, 2.7万公里, 到店服务
2013, 7.3万公里, 到店服务
2018, 0.2万公里, 到店服务
2018, 1.1万公里, 到店服务
2012, 9.7万公里, 到店服务
2015, 4.0万公里, 到店服务
2017, 3.4万公里, 到店服务
2014, 6.1万公里, 到店服务
2017, 2.5万公里, 到店服务
2012, 5.2万公里, 到店服务
2017, 4.2万公里, 到店服务
2014, 2.9万公里, 到店服务
2017, 2.4万公里, 到店服务
2016, 2.1万公里, 到店服务
2014, 4.3万公里, 到店服务
2013, 9.3万公里, 到店服务
2017, 1.9万公里, 到店服务
2014, 4.0万公里, 到店服务
2016, 5.3万公里, 到店服务
2016, 1.4万公里, 到店服务
2016, 4.9万公里, 到店服务
2012, 3.2万公里, 到店服务
2015, 4.7万公里, 到店服务
2012, 7.4万公里, 到店服务
2015, 6.8万公里, 到店服务
2015, 2.9万公里, 到店服务
2014, 7.7万公里, 到店服务
2017, 4.0万公里, 到店服务
2017, 2.9万公里, 到店服务
2016, 4.4万公里, 到店服务
2016, 5.2万公里, 到店服务
2017, 1.4万公里, 到店服务
2017, 1.9万公里, 到店服务
2015, 11.1万公里, 到店服务
2015, 2.0万公里, 到店服务
2016, 6.8万公里, 到店服务
2016, 1.4万公里, 到店服务
2013, 9.0万公里, 到店服务
2016, 3.0万公里, 到店服务
2012, 5.6万公里, 到店服务
2016, 3.3万公里, 到店服务
2017, 4.2万公里, 到店服务
2015, 5.6万公里, 到店服务
2014, 8.3万公里, 到店服务
2015, 2.0万公里, 到店服务
2014, 6.7万公里, 到店服务
2016, 1.4万公里, 到店服务
2015, 3.5万公里, 到店服务
2015, 6.9万公里, 到店服务
2017, 3.3万公里, 到店服务
2014, 14.2万公里, 到店服务
2018, 1.2万公里, 到店服务
2016, 4.1万公里, 到店服务
2018, 1.6万公里, 到店服务
2018, 2.5万公里, 到店服务
2015, 5.2万公里, 到店服务
2017, 2.0万公里, 到店服务
2014, 3.0万公里, 到店服务
2017, 4.1万公里, 到店服务
2017, 0.4万公里, 到店服务
2016, 2.7万公里, 到店服务
2017, 4.1万公里, 到店服务
2013, 4.0万公里, 到店服务
2013, 12.7万公里, 到店服务
2018, 0.5万公里, 到店服务
2014, 8.5万公里, 到店服务
2016, 4.5万公里, 到店服务
2015, 4.0万公里, 到店服务
2012, 7.1万公里, 到店服务
2019, 0.6万公里, 到店服务
2017, 3.0万公里, 到店服务
2016, 4.4万公里, 到店服务
2017, 0.5万公里, 到店服务
2016, 4.6万公里, 到店服务
2016, 1.5万公里, 到店服务
2016, 2.1万公里, 到店服务
2017, 3.1万公里, 到店服务
2017, 2.4万公里, 到店服务
2015, 3.0万公里, 到店服务
2017, 3.6万公里, 到店服务
2018, 3.2万公里, 到店服务
2014, 4.6万公里, 到店服务
2014, 2.4万公里, 到店服务
2015, 3.6万公里, 到店服务
2015, 5.2万公里, 到店服务
2018, 0.4万公里
2017, 3.4万公里
2014, 5.1万公里, 到店服务
2017, 4.4万公里, 到店服务
2016, 6.1万公里, 到店服务
2015, 6.1万公里, 到店服务
2013, 6.2万公里
2015, 7.7万公里
2010, 5.8万公里
2012, 11.0万公里, 到店服务
2014, 7.8万公里
2017, 1.0万公里, 到店服务
2019, 0.2万公里, 到店服务
2018, 2.2万公里, 到店服务
2019, 0.6万公里, 到店服务
2013, 8.2万公里, 到店服务
2016, 3.0万公里, 到店服务
2013, 6.0万公里, 到店服务
2012, 7.6万公里
2019, 0.7万公里, 到店服务
2014, 8.0万公里, 到店服务
2013, 6.5万公里, 到店服务
2014, 5.2万公里
2015, 4.9万公里, 到店服务
2019, 1.6万公里
2016, 5.4万公里, 到店服务
2016, 8.9万公里
2012, 4.5万公里, 到店服务
2018, 3.0万公里
2014, 6.7万公里, 到店服务
2014, 6.8万公里, 到店服务
2013, 8.8万公里
2015, 8.6万公里, 到店服务
2013, 7.1万公里, 到店服务
2014, 9.4万公里, 到店服务
2014, 11.1万公里
2014, 13.6万公里
2018, 0.4万公里, 到店服务
2012, 9.1万公里, 到店服务
2016, 7.1万公里
2012, 12.6万公里, 到店服务
2019, 200公里
2013, 10.0万公里, 到店服务
2014, 5.6万公里, 到店服务
2015, 6.2万公里, 到店服务
2017, 0.9万公里, 到店服务
2015, 7.9万公里, 到店服务
2014, 8.3万公里, 到店服务
2014, 5.0万公里
2017, 2.5万公里, 到店服务
2017, 1.4万公里, 到店服务
2012, 8.0万公里
2014, 7.6万公里, 到店服务
2019, 300公里
2013, 5.7万公里
2019, 0.5万公里, 到店服务
2011, 9.5万公里, 到店服务
2015, 6.4万公里, 到店服务
2016, 1.4万公里, 到店服务
2012, 5.8万公里, 到店服务
2018, 2.0万公里, 到店服务
2017, 0.6万公里, 到店服务
2014, 12.7万公里, 到店服务
2010, 8.6万公里
2019, 1.2万公里
2013, 2.4万公里
2015, 5.5万公里, 到店服务
2018, 2.5万公里, 到店服务
2012, 9.4万公里, 到店服务
2014, 11.1万公里
2014, 7.0万公里
2015, 3.8万公里, 到店服务
2016, 3.9万公里
2013, 5.6万公里
2014, 7.1万公里
2013, 3.4万公里, 到店服务
2017, 1.0万公里
2015, 5.2万公里, 到店服务
2017, 2.7万公里
2019, 1.2万公里, 到店服务
2011, 5.0万公里, 到店服务
2012, 9.5万公里, 到店服务
2015, 3.0万公里, 到店服务
2016, 3.3万公里
2013, 5.2万公里
2010, 8.0万公里, 到店服务
2012, 14.5万公里, 到店服务
2013, 6.8万公里, 到店服务
2014, 7.5万公里
2018, 1.2万公里
2014, 4.9万公里, 到店服务
2013, 12.2万公里, 到店服务
2017, 5.2万公里, 到店服务
2015, 4.7万公里, 到店服务
2012, 7.2万公里, 到店服务
2018, 0.7万公里, 到店服务
2017, 4.4万公里, 到店服务
2015, 6.9万公里, 到店服务
2014, 6.5万公里, 到店服务
2018, 0.7万公里
2015, 2.8万公里, 到店服务
2015, 2.0万公里, 到店服务
2015, 4.2万公里, 到店服务
2013, 6.7万公里
2014, 7.3万公里, 到店服务
2017, 3.6万公里, 到店服务
2015, 12.8万公里, 到店服务
2017, 3.1万公里, 到店服务
2016, 8.0万公里
2013, 6.9万公里, 到店服务
2017, 1.3万公里, 到店服务
2017, 4.1万公里, 到店服务
2015, 7.2万公里
2014, 6.7万公里, 到店服务
2013, 2.9万公里
2017, 3.9万公里, 到店服务
2018, 2.0万公里, 到店服务
2013, 2.1万公里
2016, 4.2万公里, 到店服务
2016, 6.3万公里, 到店服务
2015, 9.2万公里, 到店服务
2017, 3.1万公里
2018, 2.9万公里, 到店服务
2013, 5.6万公里, 到店服务
2016, 8.7万公里
2018, 400公里
2016, 4.2万公里, 到店服务
2012, 11.7万公里, 到店服务
2014, 7.1万公里, 到店服务
2015, 1.3万公里
2019, 0.4万公里
2016, 5.5万公里, 到店服务
2014, 5.7万公里
2016, 12.0万公里
2018, 1.8万公里, 到店服务
2014, 6.7万公里, 到店服务
2017, 3.6万公里, 到店服务
2016, 3.2万公里, 到店服务
2014, 3.8万公里
2016, 4.8万公里, 到店服务
2019, 2.2万公里, 到店服务
2017, 5.3万公里, 到店服务
2017, 3.7万公里
2016, 3.1万公里, 到店服务
2014, 8.0万公里, 到店服务
2012, 9.7万公里
2013, 7.1万公里, 到店服务
2016, 2.6万公里
2012, 11.9万公里, 到店服务
2017, 0.9万公里, 到店服务
2017, 5.0万公里, 到店服务
2016, 4.9万公里, 到店服务
2016, 3.8万公里
2017, 0.8万公里, 到店服务
2015, 5.9万公里
2016, 1.7万公里
2017, 4.1万公里, 到店服务
2013, 8.2万公里, 到店服务
2014, 6.5万公里, 到店服务
2017, 4.2万公里, 到店服务
2017, 3.1万公里, 到店服务
2018, 1.2万公里, 到店服务
2016, 5.3万公里, 到店服务
2017, 1.8万公里, 到店服务
2015, 5.6万公里, 到店服务
2013, 7.6万公里, 到店服务
2015, 5.6万公里
2014, 6.7万公里, 到店服务
2012, 12.3万公里
2012, 5.7万公里, 到店服务
2016, 2.8万公里, 到店服务
2015, 4.2万公里, 到店服务
2017, 5.0万公里, 到店服务
2015, 5.2万公里, 到店服务
2017, 3.1万公里, 到店服务
2018, 1.1万公里, 到店服务
2013, 7.6万公里, 到店服务
2016, 3.2万公里, 到店服务
2014, 3.8万公里
2016, 4.8万公里, 到店服务
2019, 2.2万公里, 到店服务
2017, 5.3万公里, 到店服务
2017, 3.7万公里
2016, 3.1万公里, 到店服务
2014, 8.0万公里, 到店服务
2012, 9.7万公里
2013, 7.1万公里, 到店服务
2016, 2.6万公里
2012, 11.9万公里, 到店服务
2017, 0.9万公里, 到店服务
2017, 5.0万公里, 到店服务
2016, 4.9万公里, 到店服务
2016, 3.8万公里
2017, 0.8万公里, 到店服务
2015, 5.9万公里
2016, 1.7万公里
2017, 4.1万公里, 到店服务
2013, 8.2万公里, 到店服务
2014, 6.5万公里, 到店服务
2017, 4.2万公里, 到店服务
2017, 3.1万公里, 到店服务
2018, 1.2万公里, 到店服务
2016, 5.3万公里, 到店服务
2017, 1.8万公里, 到店服务
2015, 5.6万公里, 到店服务
2013, 7.6万公里, 到店服务
2015, 5.6万公里
2014, 6.7万公里, 到店服务
2012, 12.3万公里
2012, 5.7万公里, 到店服务
2016, 2.8万公里, 到店服务
2015, 4.2万公里, 到店服务
2017, 5.0万公里, 到店服务
2015, 5.2万公里, 到店服务
2017, 3.1万公里, 到店服务
2018, 1.1万公里, 到店服务
2013, 7.6万公里, 到店服务
2016, 2.4万公里, 店内直卖
2018, 2.6万公里, 店内直卖
2019, 0.4万公里, 店内直卖
2016, 5.3万公里, 店内直卖
2014, 5.2万公里, 店内直卖
2015, 8.4万公里, 店内直卖
2016, 4.2万公里, 店内直卖
2016, 4.9万公里, 店内直卖
2015, 7.3万公里, 店内直卖
2016, 2.0万公里, 店内直卖
2015, 4.0万公里, 店内直卖
2016, 1.9万公里, 店内直卖
2016, 3.9万公里, 店内直卖
2018, 0.9万公里, 店内直卖
2016, 1.4万公里, 店内直卖
2016, 2.2万公里, 店内直卖
2016, 1.5万公里, 店内直卖
2015, 3.8万公里, 店内直卖
2016, 7.6万公里, 店内直卖
2016, 5.3万公里, 店内直卖
2013, 6.1万公里, 到店服务
2018, 2.4万公里, 到店服务
2016, 4.6万公里, 到店服务
2016, 5.3万公里, 到店服务
2012, 3.8万公里, 到店服务
2016, 1.8万公里, 到店服务
2014, 5.4万公里, 到店服务
2018, 2.1万公里, 到店服务
2017, 3.0万公里, 到店服务
2016, 1.5万公里, 到店服务
2014, 1.3万公里, 到店服务
2017, 2.5万公里, 到店服务
2014, 5.6万公里, 到店服务
2014, 2.9万公里, 到店服务
2013, 4.3万公里, 到店服务
2016, 3.7万公里, 到店服务
2017, 4.1万公里, 到店服务
2015, 6.4万公里, 到店服务
2017, 1.2万公里, 到店服务
2013, 2.9万公里, 到店服务
2018, 1.9万公里, 到店服务
2016, 1.8万公里, 到店服务
2017, 4.6万公里, 到店服务
2016, 2.6万公里, 到店服务
2016, 3.4万公里, 到店服务
2014, 6.8万公里, 到店服务
2016, 1.7万公里, 到店服务
2012, 3.7万公里, 到店服务
2016, 5.5万公里, 到店服务
2012, 10.1万公里, 到店服务
2013, 10.5万公里, 到店服务
2013, 4.8万公里, 到店服务
2016, 3.0万公里, 到店服务
2015, 3.8万公里, 到店服务
2014, 5.7万公里, 到店服务
2015, 5.9万公里, 到店服务
2017, 3.2万公里, 到店服务
2017, 3.5万公里, 到店服务
2013, 3.6万公里, 到店服务
2018, 1.6万公里, 到店服务
2016, 3.2万公里, 到店服务
2015, 6.7万公里, 到店服务
2017, 3.7万公里, 到店服务
2011, 5.6万公里, 到店服务
2016, 3.1万公里, 到店服务
2017, 3.3万公里, 到店服务
2018, 0.5万公里, 到店服务
2018, 0.3万公里, 到店服务
2017, 6.9万公里, 到店服务
2017, 1.6万公里, 到店服务
2015, 2.7万公里, 到店服务
2012, 5.9万公里, 到店服务
2015, 2.3万公里, 到店服务
2014, 4.9万公里, 到店服务
2017, 4.4万公里, 到店服务
2012, 6.1万公里, 到店服务
2018, 2.3万公里, 到店服务
2017, 3.5万公里, 到店服务
2016, 6.2万公里, 到店服务
2013, 5.6万公里, 到店服务
2012, 7.0万公里, 到店服务
2015, 2.3万公里, 到店服务
2010, 11.4万公里, 到店服务
2015, 5.2万公里, 到店服务
2014, 5.7万公里, 到店服务
2014, 5.6万公里, 到店服务
2017, 3.1万公里, 到店服务
2012, 10.6万公里, 到店服务
2018, 2.3万公里, 到店服务
2012, 6.8万公里, 到店服务
2015, 10.0万公里, 到店服务
2015, 4.6万公里, 到店服务
2016, 4.0万公里, 到店服务
2017, 1.0万公里, 到店服务
2015, 5.4万公里, 到店服务
2014, 9.2万公里, 到店服务
2018, 1.9万公里, 到店服务
2016, 4.4万公里, 到店服务
2018, 1.2万公里, 到店服务
2016, 2.5万公里, 到店服务
2013, 13.9万公里, 到店服务
2016, 4.2万公里, 到店服务
2017, 2.3万公里, 到店服务
2017, 2.5万公里, 到店服务
2014, 5.3万公里, 到店服务
2012, 7.7万公里, 到店服务
2017, 1.6万公里, 到店服务
2015, 7.5万公里, 到店服务
2013, 8.1万公里, 到店服务
2016, 2.6万公里, 到店服务
2015, 3.6万公里, 到店服务
2016, 3.5万公里, 到店服务
2015, 5.4万公里, 到店服务
2014, 3.2万公里, 到店服务
2012, 10.3万公里, 到店服务
2016, 4.3万公里, 到店服务
2016, 3.2万公里, 到店服务
2014, 1.8万公里, 到店服务
2017, 0.2万公里, 到店服务
2018, 1.3万公里, 到店服务
2014, 16.8万公里
2014, 6.7万公里, 到店服务
2016, 3.1万公里, 到店服务
2016, 1.6万公里, 到店服务
2018, 6.2万公里, 到店服务
2014, 9.0万公里, 到店服务
2015, 5.9万公里, 到店服务
2015, 9.4万公里
2017, 3.0万公里
2018, 1.5万公里, 到店服务
2014, 4.7万公里
2017, 2.6万公里, 到店服务
2017, 2.6万公里, 到店服务
2018, 3.9万公里
2010, 15.4万公里
2017, 1.2万公里, 到店服务
2012, 13.3万公里, 到店服务
2015, 4.2万公里
2012, 7.5万公里, 到店服务
2011, 8.8万公里
2012, 7.1万公里
2019, 1.1万公里, 到店服务
2016, 6.4万公里, 到店服务
2017, 3.3万公里, 到店服务
2018, 2.1万公里, 到店服务
2014, 2.2万公里, 到店服务
2016, 1.5万公里, 到店服务
2014, 5.9万公里, 到店服务
2019, 0.3万公里, 到店服务
2017, 1.7万公里, 到店服务
2011, 7.9万公里, 到店服务
2015, 11.3万公里
2014, 8.1万公里, 到店服务
2016, 2.7万公里
2012, 6.9万公里, 到店服务
2017, 4.5万公里
2018, 0.4万公里, 到店服务
2017, 7.5万公里, 到店服务
2014, 8.5万公里, 到店服务
2016, 1.8万公里, 到店服务
2016, 4.3万公里, 到店服务
2015, 9.5万公里, 到店服务
2018, 4.1万公里, 到店服务
2016, 6.4万公里
2010, 14.7万公里
2016, 5.1万公里, 到店服务
2015, 8.7万公里, 到店服务
2013, 7.0万公里, 到店服务
2019, 1.2万公里, 到店服务
2017, 5.4万公里, 到店服务
2017, 3.0万公里, 到店服务
2013, 6.8万公里, 到店服务
2016, 3.6万公里, 到店服务
2017, 6.0万公里, 到店服务
2016, 1.7万公里, 到店服务
2011, 9.4万公里
2011, 13.2万公里, 到店服务
2016, 5.5万公里, 到店服务
2017, 3.3万公里, 到店服务
2012, 3.1万公里, 到店服务
2014, 6.8万公里
2019, 0.4万公里, 到店服务
2017, 1.9万公里, 到店服务
2017, 1.9万公里, 到店服务
2014, 7.2万公里
2018, 2.3万公里, 到店服务
2017, 3.7万公里, 到店服务
2014, 6.0万公里, 到店服务
2018, 2.1万公里
2013, 6.3万公里, 到店服务
2018, 0.4万公里, 到店服务
2015, 7.0万公里
2015, 3.5万公里, 到店服务
2019, 500公里
2011, 8.6万公里
2018, 4.2万公里, 到店服务
2016, 5.6万公里, 到店服务
2016, 4.3万公里, 到店服务
2015, 2.5万公里, 到店服务
2016, 8.6万公里, 到店服务
2018, 1.2万公里, 到店服务
2014, 11.6万公里, 到店服务
2017, 1.1万公里, 到店服务
2011, 9.1万公里
2014, 7.3万公里
2018, 0.3万公里, 到店服务
2018, 0.6万公里, 到店服务
2018, 2.4万公里, 到店服务
2012, 13.2万公里
2015, 0.8万公里, 到店服务
2014, 11.1万公里, 到店服务
2012, 4.8万公里, 到店服务
2017, 3.2万公里
2016, 12.5万公里, 到店服务
2018, 1.9万公里, 到店服务
2014, 4.7万公里, 到店服务
2013, 3.0万公里, 到店服务
2014, 7.5万公里, 到店服务
2015, 4.5万公里, 到店服务
2015, 6.8万公里, 到店服务
2016, 2.4万公里, 店内直卖
2018, 2.6万公里, 店内直卖
2019, 0.4万公里, 店内直卖
2016, 5.3万公里, 店内直卖
2014, 5.2万公里, 店内直卖
2015, 8.4万公里, 店内直卖
2016, 4.2万公里, 店内直卖
2016, 4.9万公里, 店内直卖
2015, 7.3万公里, 店内直卖
2016, 2.0万公里, 店内直卖
2015, 4.0万公里, 店内直卖
2016, 1.9万公里, 店内直卖
2016, 3.9万公里, 店内直卖
2018, 0.9万公里, 店内直卖
2016, 1.4万公里, 店内直卖
2016, 2.2万公里, 店内直卖
2016, 1.5万公里, 店内直卖
2015, 3.8万公里, 店内直卖
2016, 7.6万公里, 店内直卖
2016, 5.3万公里, 店内直卖
